Item Brand Name,Model ,Num Units Sold,Sale Amount,GP,GM%,GPROI,Avg. Compdaystosell,Avg. Sale Amount,Current Inventory ,Posted Inventory ,Current Inventory  Cost,Rank of Num Units Sold along Model 
Rolex,116610LN-0001,51,"$664,170 ","$101,847 ",15%,0.77,73,"$12,076 ",15,4,"$167,048 ",1
Rolex,126610LV-0002,50,"$1,051,765 ","$152,596 ",15%,0.94,57,"$20,226 ",16,9,"$292,626 ",2
Rolex,126610LN-0001,50,"$801,194 ","$93,475 ",12%,1.13,38,"$14,837 ",17,5,"$229,325 ",2
Rolex,116500LN-0001,49,"$1,908,173 ","$211,277 ",11%,0.7,58,"$38,942 ",20,8,"$782,607 ",4
Rolex,116610LV-0002,47,"$1,083,205 ","$218,387 ",20%,0.92,80,"$21,239 ",45,8,"$880,567 ",5
Rolex,124060-0001,43,"$613,830 ","$87,870 ",14%,1.12,46,"$12,527 ",9,4,"$111,350 ",6
Rolex,16610 BLK OYS,42,"$468,906 ","$104,792 ",22%,0.93,88,"$9,769 ",39,8,"$358,271 ",7
Rolex,126600-0001,42,"$651,902 ","$100,154 ",15%,0.73,77,"$13,581 ",13,9,"$168,552 ",7
Rolex,214270-0003,33,"$357,948 ","$83,571 ",23%,0.78,109,"$10,227 ",20,4,"$167,381 ",9
Rolex,114060-0002,33,"$429,405 ","$101,222 ",24%,1.12,77,"$12,269 ",23,7,"$237,374 ",9
Rolex,116500LN-0002,32,"$1,139,576 ","$202,803 ",18%,0.83,78,"$33,517 ",16,3,"$516,998 ",11
Rolex,116400GV-0001,32,"$346,084 ","$58,438 ",17%,0.89,69,"$8,652 ",22,6,"$197,137 ",11
Rolex,16570 BLK IX OYS,31,"$279,508 ","$57,793 ",21%,0.51,147,"$7,554 ",58,4,"$412,352 ",13
Rolex,116900-0001,31,"$288,330 ","$50,770 ",18%,0.93,69,"$9,301 ",26,9,"$242,208 ",13
Rolex,116710LN-0001,28,"$386,081 ","$74,921 ",19%,1.13,62,"$12,869 ",14,3,"$155,052 ",15
Rolex,126710BLRO-0001,26,"$606,840 ","$122,863 ",20%,1.26,59,"$23,340 ",21,10,"$460,873 ",16
Rolex,126710BLNR-0002,26,"$522,093 ","$96,557 ",18%,1.53,44,"$20,080 ",21,8,"$377,484 ",16
Rolex,16570 WHT IX OYS,25,"$246,050 ","$57,884 ",24%,1.02,84,"$9,842 ",32,6,"$245,341 ",18
Rolex,216570-0001,24,"$311,398 ","$82,775 ",27%,0.68,142,"$11,977 ",19,5,"$196,949 ",19
Rolex,216570-0002,23,"$269,686 ","$61,544 ",23%,0.04,"2,259","$11,725 ",24,7,"$226,537 ",20
Rolex,116613LB-0005,23,"$364,715 ","$61,676 ",17%,0.99,62,"$14,589 ",16,3,"$229,450 ",20
Rolex,16613 BLU IX OYS,22,"$254,745 ","$48,662 ",19%,0.82,85,"$11,579 ",19,3,"$189,386 ",22
Rolex,116660-0001,22,"$262,479 ","$49,768 ",19%,0.7,98,"$10,937 ",11,1,"$110,881 ",22
Rolex,126711CHNR-0002,21,"$483,334 ","$92,324 ",19%,1.33,53,"$23,016 ",10,6,"$215,529 ",24
Rolex,116520-0016,21,"$597,663 ","$126,954 ",21%,0.87,89,"$25,985 ",18,6,"$433,396 ",24
Rolex,114270-0001,21,"$158,507 ","$27,401 ",17%,0.57,110,"$5,466 ",54,9,"$329,448 ",24
Rolex,16622 PT IX OYS,20,"$204,055 ","$45,447 ",22%,1.26,65,"$10,203 ",17,3,"$138,925 ",27
Rolex,124270-0001,20,"$197,728 ","$28,861 ",15%,0.8,67,"$7,605 ",16,5,"$133,173 ",27
Rolex,126660-0002,19,"$335,296 ","$62,003 ",18%,1.4,48,"$17,647 ",16,8,"$242,556 ",29
Rolex,116710BLNR-0002,19,"$334,176 ","$72,153 ",22%,0.97,81,"$15,913 ",24,11,"$391,081 ",29
Rolex,116400GV-0002,19,"$230,904 ","$53,207 ",23%,1.33,63,"$12,153 ",17,6,"$176,704 ",29
Rolex,326934-0003,17,"$521,042 ","$83,628 ",16%,1,59,"$30,650 ",15,7,"$432,563 ",32
Rolex,126613LB-0002,16,"$311,750 ","$38,149 ",12%,1.05,42,"$19,484 ",10,8,"$189,960 ",33
Rolex,126300-0001,16,"$168,734 ","$32,957 ",20%,1.09,66,"$10,546 ",14,2,"$128,237 ",33
Rolex,226659-0002,15,"$502,740 ","$83,055 ",17%,0.73,82,"$26,460 ",8,4,"$226,675 ",35
Rolex,126710BLNR-0003,15,"$311,599 ","$53,131 ",17%,1.89,33,"$20,773 ",6,1,"$114,500 ",35
Rolex,116520-0015,15,"$398,166 ","$60,684 ",15%,0.91,61,"$23,422 ",20,5,"$464,154 ",35
Rolex,16233 CHP IX JUB,13,"$88,691 ","$22,673 ",26%,0.66,140,"$5,913 ",17,1,"$87,619 ",38
Rolex,124300-0005,13,"$193,062 ","$45,537 ",24%,2.38,36,"$12,871 ",6,4,"$77,611 ",38
Rolex,126603-0001,12,"$213,228 ","$28,710 ",13%,0.62,79,"$15,231 ",10,3,"$157,207 ",40
Rolex,124300-0003,12,"$127,915 ","$25,613 ",20%,2.03,36,"$10,660 ",1,1,"$8,800 ",40
Rolex,116619LB-0001,12,"$545,708 ","$118,301 ",22%,0.77,102,"$45,476 ",8,4,"$317,003 ",40
Rolex,16710 COKE OYS,11,"$138,749 ","$33,282 ",24%,1.27,69,"$12,614 ",11,0,"$123,121 ",43
Rolex,16600 BLK IX OYS,11,"$115,014 ","$25,841 ",22%,0.86,96,"$8,847 ",21,9,"$181,321 ",43
Rolex,16610LV,10,"$199,686 ","$53,769 ",27%,0.94,104,"$19,969 ",9,3,"$127,500 ",45
Rolex,126715CHNR-0001,10,"$478,033 ","$43,299 ",9%,0.65,51,"$47,803 ",6,5,"$290,719 ",45
Rolex,126660-0001,10,"$142,550 ","$28,946 ",20%,0.69,107,"$14,255 ",9,1,"$104,984 ",45
Rolex,126334-0002,10,"$137,905 ","$33,271 ",24%,1.45,61,"$13,791 ",4,0,"$47,800 ",45
Rolex,116508-0013,10,"$947,008 ","$159,084 ",17%,0.51,120,"$67,643 ",5,3,"$454,244 ",45
Rolex,226570-0002,9,"$125,513 ","$24,718 ",20%,1.46,49,"$13,946 ",1,1,"$10,000 ",50
Rolex,1675 BLK PEP OYS,9,"$126,943 ","$30,844 ",24%,0.7,127,"$14,105 ",1,0,"$14,000 ",50
Rolex,16233 CHP DI JUB,9,"$65,000 ","$12,897 ",20%,0.7,104,"$5,909 ",10,1,"$59,000 ",50
Rolex,124300-0006,9,"$286,887 ","$45,288 ",16%,1.66,35,"$31,876 ",5,1,"$141,077 ",50
Rolex,124300-0001,9,"$82,746 ","$21,479 ",26%,1.54,61,"$9,194 ",1,1,"$8,603 ",50
Rolex,116681-0001,9,"$207,267 ","$35,699 ",17%,0.56,112,"$23,030 ",23,4,"$512,439 ",50
Rolex,116680-0002,9,"$192,563 ","$33,898 ",18%,0.79,82,"$21,396 ",12,1,"$214,171 ",50
Rolex,116613LN-0001,9,"$128,742 ","$24,905 ",19%,1.36,52,"$14,305 ",7,2,"$92,570 ",50
Rolex,116519LN-0024,9,"$438,558 ","$93,599 ",21%,1.22,64,"$48,729 ",4,2,"$168,000 ",50
Rolex,69173 CHP IX JUB,8,"$31,496 ","$5,536 ",18%,0.4,162,"$3,937 ",26,3,"$98,683 ",59
Rolex,226570-0001,8,"$119,691 ","$24,391 ",20%,1.16,64,"$14,961 ",2,0,"$22,644 ",59
Rolex,14060M-0001,8,"$87,161 ","$20,589 ",24%,0.92,94,"$10,895 ",5,0,"$45,600 ",59
Rolex,116600-0003,8,"$129,456 ","$21,380 ",17%,0.93,65,"$16,182 ",3,1,"$38,500 ",59
Rolex,116509-0071,8,"$467,147 ","$100,089 ",21%,1.52,51,"$58,393 ",4,1,"$175,951 ",59
Rolex,116234-0081,8,"$64,455 ","$12,407 ",19%,0.65,109,"$8,057 ",6,0,"$40,175 ",59
Rolex,116200-0059,8,"$56,325 ","$9,218 ",16%,0.44,136,"$5,633 ",16,1,"$98,121 ",59
Rolex,116200-0056,8,"$59,216 ","$10,658 ",18%,0.52,127,"$5,922 ",14,1,"$87,039 ",59
Rolex,16613 STL SER OYS,7,"$100,278 ","$25,951 ",26%,1.08,87,"$14,325 ",4,0,"$49,574 ",67
Rolex,16613 BLK IX OYS,7,"$73,600 ","$11,407 ",15%,0.92,62,"$10,514 ",5,0,"$56,725 ",67
Rolex,126710BLRO-0002,7,"$181,674 ","$36,156 ",20%,4.69,16,"$25,953 ",2,0,"$36,000 ",67
Rolex,116660-0003,7,"$97,650 ","$19,402 ",20%,0.47,154,"$13,950 ",6,0,"$81,150 ",67
Rolex,116622-0003,7,"$101,950 ","$10,493 ",10%,0.39,96,"$14,564 ",3,2,"$34,056 ",67
Rolex,116506-0001,7,"$863,640 ","$175,717 ",20%,0.99,75,"$123,377 ",2,1,"$207,000 ",67
Rolex,116400-0002,7,"$75,303 ","$22,179 ",29%,3.66,29,"$10,758 ",11,2,"$91,434 ",67
Rolex,116400-0001,7,"$68,749 ","$16,464 ",24%,1.11,79,"$9,821 ",14,3,"$117,040 ",67
Rolex,69173 CHP DI JUB,6,"$30,818 ","$8,000 ",26%,0.77,123,"$5,136 ",18,0,"$66,250 ",75
Rolex,326934-0004,6,"$198,074 ","$31,945 ",16%,2.03,29,"$33,012 ",7,3,"$207,025 ",75
Rolex,326933-0001,6,"$137,390 ","$24,773 ",18%,0.48,136,"$17,174 ",10,5,"$197,857 ",75
Rolex,214270-0001,6,"$56,440 ","$11,388 ",20%,0.8,93,"$7,055 ",12,3,"$92,081 ",75
Rolex,18038 CHP IX PRE,6,"$92,905 ","$24,036 ",26%,0.95,99,"$15,484 ",6,1,"$81,791 ",75
Rolex,126622-0002,6,"$96,600 ","$20,175 ",21%,3.18,24,"$16,100 ",2,0,"$24,700 ",75
Rolex,126613LN-0002,6,"$117,198 ","$19,871 ",17%,1.91,32,"$19,533 ",6,1,"$96,903 ",75
Rolex,126333-0020,6,"$90,295 ","$11,693 ",13%,0.36,132,"$15,049 ",6,0,"$81,850 ",75
Rolex,126331-0016,6,"$95,976 ","$18,106 ",19%,1.11,62,"$15,996 ",0,0,$0 ,75
Rolex,126300-0012,6,"$62,031 ","$9,613 ",15%,0.99,57,"$10,339 ",7,1,"$66,500 ",75
Rolex,126300-0007,6,"$60,143 ","$12,189 ",20%,0.64,116,"$10,024 ",8,2,"$71,750 ",75
Rolex,126234-0045,6,"$75,610 ","$19,159 ",25%,,,"$12,602 ",0,0,$0 ,75
Rolex,126234-0017,6,"$62,671 ","$15,401 ",25%,1.64,55,"$10,445 ",4,1,"$37,500 ",75
Rolex,126200-0005,6,"$55,265 ","$8,875 ",16%,0.93,63,"$6,908 ",0,0,$0 ,75
Rolex,126000-0005,6,"$70,400 ","$15,995 ",23%,1.63,51,"$11,733 ",5,2,"$50,218 ",75
Rolex,124300-0002,6,"$52,675 ","$14,507 ",28%,1.67,60,"$8,779 ",1,1,"$8,000 ",75
Rolex,124273-0001,6,"$79,600 ","$12,125 ",15%,0.26,216,"$13,267 ",5,3,"$52,731 ",75
Rolex,116719BLRO-0001,6,"$239,386 ","$51,652 ",22%,0.56,141,"$39,898 ",0,0,$0 ,75
Rolex,116680-0001,6,"$121,768 ","$23,010 ",19%,0.87,79,"$15,221 ",26,8,"$461,702 ",75
Rolex,116622-0001,6,"$84,068 ","$15,221 ",18%,1.05,63,"$14,011 ",3,0,"$36,200 ",75
Rolex,116515LN-0041,6,"$327,615 ","$68,063 ",21%,1.27,60,"$54,603 ",2,2,"$85,750 ",75
Rolex,116503-0004,6,"$143,768 ","$35,355 ",25%,1.61,56,"$23,961 ",0,0,$0 ,75
Rolex,116333-0006,6,"$73,650 ","$8,387 ",11%,0.33,126,"$12,275 ",11,3,"$123,176 ",75
Rolex,116333-0001,6,"$85,245 ","$17,626 ",21%,0.71,106,"$14,208 ",10,1,"$118,590 ",75
Rolex,116300-0001,6,"$52,050 ","$7,647 ",15%,0.57,95,"$6,506 ",15,4,"$128,237 ",75
Rolex,116200-0055,6,"$43,800 ","$5,208 ",12%,0.6,72,"$7,300 ",16,3,"$96,998 ",75
Rolex,114300-0004,6,"$55,215 ","$13,138 ",24%,1.49,58,"$9,202 ",5,2,"$30,605 ",75
Rolex,16713,5,"$55,861 ","$11,311 ",20%,0.86,86,"$7,980 ",3,2,"$27,598 ",102
Rolex,16013 CHP IX JUB,5,"$28,600 ","$7,107 ",25%,0.82,110,"$5,720 ",6,0,"$24,027 ",102
Rolex,14270 BLK OYS,5,"$36,200 ","$7,393 ",20%,0.77,97,"$7,240 ",17,1,"$99,466 ",102
Rolex,14000 SLT IX OYS,5,"$24,358 ","$7,448 ",31%,0.55,204,"$4,872 ",1,0,"$3,500 ",102
Rolex,126719BLRO-0002,5,"$407,500 ","$124,285 ",30%,1.43,78,"$81,500 ",2,1,"$118,750 ",102
Rolex,126334-0025,5,"$58,804 ","$10,309 ",18%,1.11,58,"$11,761 ",0,0,$0 ,102
Rolex,126334-0001,5,"$58,350 ","$12,776 ",22%,1.66,48,"$11,670 ",2,1,"$20,000 ",102
Rolex,126200-0006,5,"$41,127 ","$8,016 ",19%,0.95,75,"$8,225 ",2,0,"$14,800 ",102
Rolex,116681-0002,5,"$133,795 ","$25,065 ",19%,0.82,83,"$26,759 ",2,1,"$43,750 ",102
Rolex,116618LB-0003,5,"$211,343 ","$51,032 ",24%,1.17,76,"$42,269 ",3,1,"$117,376 ",102
Rolex,116595RBOW-0001,5,"$2,748,000 ","$546,650 ",20%,0.72,100,"$392,571 ",1,0,"$515,000 ",102
Rolex,116519LN-0027,5,"$247,167 ","$46,249 ",19%,3.2,21,"$49,433 ",1,1,"$50,000 ",102
Rolex,116509-0072,5,"$319,363 ","$64,209 ",20%,1.15,64,"$63,873 ",2,1,"$96,000 ",102
Rolex,116334-0002,5,"$47,462 ","$7,207 ",15%,0.35,160,"$6,780 ",11,2,"$99,300 ",102
Rolex,116200-0058,5,"$37,145 ","$7,028 ",19%,0.72,96,"$7,429 ",4,1,"$22,990 ",102
Rolex,114300-0001,5,"$39,826 ","$12,640 ",32%,1.57,74,"$5,689 ",0,0,$0 ,102
Rolex,69174 SLV IX JUB,4,"$16,636 ","$2,364 ",14%,0.39,135,"$4,159 ",6,0,"$18,800 ",118
Rolex,5500,4,"$23,450 ","$8,396 ",36%,9.33,14,"$5,863 ",5,0,"$18,250 ",118
Rolex,5241 GLC IX LTH,4,"$47,282 ","$14,043 ",30%,0.96,113,"$11,821 ",1,0,"$10,000 ",118
Rolex,326934-0002,4,"$111,900 ","$27,195 ",24%,1.27,70,"$27,975 ",0,0,$0 ,118
Rolex,326934-0001,4,"$98,038 ","$24,156 ",25%,9.99,9,"$24,509 ",3,1,"$59,015 ",118
Rolex,326933-0009,4,"$88,856 ","$18,427 ",21%,0.51,149,"$22,214 ",13,4,"$244,114 ",118
Rolex,228235-0025,4,"$255,968 ","$59,947 ",23%,1.71,50,"$42,661 ",0,0,$0 ,118
Rolex,18238,4,"$162,304 ","$12,488 ",8%,0.51,55,"$40,576 ",10,1,"$203,300 ",118
Rolex,177200-0009,4,"$20,784 ","$6,552 ",32%,1.32,87,"$5,196 ",2,1,"$6,476 ",118
Rolex,168622-0004,4,"$28,450 ","$6,208 ",22%,0.33,241,"$4,742 ",2,1,"$12,312 ",118
Rolex,16710 PEP OYS,4,"$59,794 ","$17,205 ",29%,0.5,209,"$14,948 ",3,1,"$30,550 ",118
Rolex,126619LB-0003,4,"$199,530 ","$35,155 ",18%,0.95,68,"$33,255 ",3,1,"$115,345 ",118
Rolex,126334-0016,4,"$59,450 ","$11,104 ",19%,0.68,100,"$14,863 ",0,0,$0 ,118
Rolex,126334-0014,4,"$49,284 ","$12,336 ",25%,1.07,86,"$12,321 ",9,2,"$98,175 ",118
Rolex,126333-0019,4,"$55,200 ","$7,251 ",13%,0.71,67,"$13,800 ",2,1,"$23,200 ",118
Rolex,126331-0002,4,"$60,032 ","$8,428 ",14%,2.4,21,"$15,008 ",7,1,"$103,288 ",118
Rolex,126300-0014,4,"$48,252 ","$8,870 ",18%,1.69,40,"$12,063 ",2,1,"$20,500 ",118
Rolex,126300-0008,4,"$41,750 ","$6,999 ",17%,0.85,72,"$10,438 ",5,1,"$48,300 ",118
Rolex,126300-0002,4,"$47,430 ","$10,788 ",23%,1.33,63,"$11,858 ",2,0,"$19,600 ",118
Rolex,126234-0016,4,"$38,810 ","$5,731 ",15%,0.47,116,"$9,703 ",0,0,$0 ,118
Rolex,126234-0015,4,"$39,547 ","$7,435 ",19%,1.32,52,"$6,591 ",5,0,"$42,600 ",118
Rolex,126234-0013,4,"$38,380 ","$7,946 ",21%,2.14,35,"$9,595 ",1,0,"$8,600 ",118
Rolex,126200-0002,4,"$32,356 ","$4,617 ",14%,2.17,24,"$8,089 ",4,1,"$26,715 ",118
Rolex,126000-0002,4,"$37,100 ","$11,616 ",31%,1.69,68,"$9,275 ",1,0,"$6,400 ",118
Rolex,124300-0007,4,"$69,963 ","$17,732 ",25%,2.29,40,"$17,491 ",3,1,"$42,335 ",118
Rolex,124300-0004,4,"$58,371 ","$12,771 ",22%,1.31,61,"$14,593 ",4,2,"$62,100 ",118
Rolex,124200-0001,4,"$29,261 ","$8,682 ",30%,0.71,153,"$7,315 ",1,1,"$7,319 ",118
Rolex,116659SABR-0001,4,"$562,028 ","$92,452 ",16%,0.35,172,"$140,507 ",0,0,$0 ,118
Rolex,116505-0008,4,"$209,283 ","$41,149 ",20%,0.79,91,"$52,321 ",1,0,"$52,000 ",118
Rolex,116334-0003,4,"$41,250 ","$5,656 ",14%,0.34,148,"$10,312 ",9,1,"$82,543 ",118
Rolex,116333-0007,4,"$53,703 ","$7,927 ",15%,0.74,73,"$13,426 ",5,0,"$61,650 ",118
Rolex,116234-0141,4,"$36,570 ","$6,332 ",17%,0.24,261,"$6,095 ",4,0,"$30,700 ",118
Rolex,116234-0086,4,"$33,175 ","$6,346 ",19%,0.78,89,"$8,294 ",10,0,"$68,876 ",118
Rolex,116233-0199,4,"$36,150 ","$5,456 ",15%,0.41,135,"$9,038 ",4,0,"$31,650 ",118
Rolex,116233-0156,4,"$39,375 ","$2,699 ",7%,0.1,258,"$6,563 ",7,1,"$64,436 ",118
Rolex,116233-0153,4,"$39,467 ","$4,874 ",12%,0.24,190,"$6,578 ",4,0,"$32,050 ",118
Rolex,116200-0062,4,"$31,600 ","$7,262 ",23%,0.41,205,"$7,900 ",10,0,"$62,350 ",118
Rolex,114300-0005,4,"$33,550 ","$8,486 ",25%,0.69,134,"$8,388 ",2,0,"$14,600 ",118
Rolex,114300-0003,4,"$32,319 ","$7,244 ",22%,0.62,132,"$8,080 ",3,1,"$15,600 ",118
Rolex,69173 BLK IN JUB,3,"$13,038 ","$3,727 ",29%,2.15,49,"$4,346 ",0,0,$0 ,157
Rolex,67193 CHP IX JUB,3,"$11,176 ","$3,089 ",28%,0.94,108,"$2,235 ",2,0,"$5,200 ",157
Rolex,5513 BLK IX OYS,3,"$38,490 ","$12,145 ",32%,1.42,81,"$12,830 ",6,4,"$60,595 ",157
Rolex,50525-0008,3,"$51,740 ","$15,720 ",30%,1.27,87,"$17,247 ",2,1,"$28,500 ",157
Rolex,326938-0003,3,"$168,500 ","$39,925 ",24%,0.69,125,"$56,167 ",0,0,$0 ,157
Rolex,326934-0005,3,"$77,478 ","$22,073 ",28%,1.37,76,"$25,826 ",3,3,"$60,057 ",157
Rolex,326933-0002,3,"$67,000 ","$10,284 ",15%,0.82,69,"$22,333 ",13,5,"$253,827 ",157
Rolex,277200-0003,3,"$18,934 ","$2,421 ",13%,0.29,161,"$6,311 ",2,0,"$10,250 ",157
Rolex,277200-0002,3,"$18,400 ","$2,500 ",14%,0.34,146,"$6,133 ",0,0,$0 ,157
Rolex,268621-0003,3,"$42,699 ","$12,497 ",29%,1.94,55,"$14,233 ",1,0,"$10,000 ",157
Rolex,228239-0033,3,"$152,590 ","$17,490 ",11%,1.31,32,"$50,863 ",1,1,"$40,000 ",157
Rolex,228239-0007,3,"$143,500 ","$24,649 ",17%,0.79,80,"$47,833 ",2,0,"$99,000 ",157
Rolex,228238-0003,3,"$129,000 ","$24,821 ",19%,0.6,118,"$43,000 ",2,1,"$79,500 ",157
Rolex,228235-0003,3,"$161,005 ","$36,745 ",23%,1.72,49,"$53,668 ",3,3,"$162,300 ",157
Rolex,18238 CHP IX PRES,3,"$54,525 ","$11,532 ",21%,0.65,118,"$7,789 ",3,0,"$47,264 ",157
Rolex,18038 SLV IX PRS,3,"$46,450 ","$10,084 ",22%,1.31,60,"$15,483 ",0,0,$0 ,157
Rolex,18038,3,"$65,258 ","$11,985 ",18%,1,67,"$13,052 ",5,1,"$69,636 ",157
Rolex,178240-0028,3,"$20,436 ","$6,119 ",30%,,,"$6,812 ",4,0,"$22,350 ",157
Rolex,169623 WHT OYS,3,"$22,160 ","$7,339 ",33%,1.09,111,"$7,387 ",5,2,"$26,533 ",157
Rolex,16808 BLU IX OYS,3,"$92,598 ","$20,576 ",22%,0.46,178,"$30,866 ",2,1,"$51,500 ",157
Rolex,168000,3,"$37,390 ","$8,414 ",23%,0.44,188,"$12,463 ",9,2,"$77,600 ",157
Rolex,16710LN,3,"$42,222 ","$9,018 ",21%,0.11,703,"$14,074 ",3,1,"$32,736 ",157
Rolex,16618 CHP SER OYS,3,"$110,147 ","$33,004 ",30%,0.86,127,"$36,716 ",0,0,$0 ,157
Rolex,16523 CHP IX OYS,3,"$60,600 ","$15,393 ",25%,1.27,73,"$20,200 ",2,1,"$29,346 ",157
Rolex,16520 WHT IX OYS,3,"$102,620 ","$28,139 ",27%,0.39,254,"$34,207 ",6,1,"$150,256 ",157
Rolex,16263 CHP IX JUB,3,"$20,250 ","$4,480 ",22%,0.88,92,"$6,750 ",0,0,$0 ,157
Rolex,16234 WHT ROM JUB,3,"$18,086 ","$4,085 ",23%,0.36,231,"$6,029 ",7,0,"$36,051 ",157
Rolex,16233 CHP SM DI JUB,3,"$20,933 ","$4,075 ",19%,0.7,102,"$6,978 ",5,0,"$28,100 ",157
Rolex,16233 BLU IX JUB,3,"$20,402 ","$5,940 ",29%,0.69,155,"$6,801 ",7,2,"$40,669 ",157
Rolex,16233 BLU GRD JUB,3,"$22,706 ","$5,987 ",26%,0.89,108,"$7,569 ",14,0,"$88,839 ",157
Rolex,16030,3,"$21,900 ","$8,921 ",41%,0.98,151,"$7,300 ",2,1,"$9,050 ",157
Rolex,16013 BLK PYR JUB,3,"$18,447 ","$5,425 ",29%,1.02,105,"$6,149 ",1,0,"$4,775 ",157
Rolex,15223,3,"$21,244 ","$7,603 ",36%,,,"$7,081 ",1,0,"$6,000 ",157
Rolex,15200 SLV IX OYS,3,"$12,810 ","$3,797 ",30%,2.08,52,"$4,270 ",1,0,"$2,100 ",157
Rolex,14060 BLK OYS,3,"$31,789 ","$8,680 ",27%,1.44,69,"$10,596 ",5,1,"$41,310 ",157
Rolex,126334-0026,3,"$41,436 ","$9,336 ",23%,0.66,124,"$13,812 ",2,0,"$17,286 ",157
Rolex,126334-0017,3,"$38,154 ","$10,215 ",27%,0.65,150,"$7,631 ",0,0,$0 ,157
Rolex,126334-0010,3,"$36,000 ","$6,200 ",17%,0.72,88,"$12,000 ",3,0,"$32,600 ",157
Rolex,126334-0005,3,"$38,850 ","$8,782 ",23%,0.69,120,"$12,950 ",0,0,$0 ,157
Rolex,126333-0006,3,"$50,146 ","$9,865 ",20%,2.48,29,"$16,715 ",4,0,"$60,450 ",157
Rolex,126331-0010,3,"$45,950 ","$9,133 ",20%,1.2,61,"$15,317 ",2,0,"$27,300 ",157
Rolex,126300-0013,3,"$33,750 ","$6,801 ",20%,0.88,84,"$11,250 ",3,0,"$28,500 ",157
Rolex,126300-0011,3,"$28,950 ","$5,900 ",20%,1.02,73,"$5,790 ",15,2,"$132,063 ",157
Rolex,126300-0003,3,"$29,550 ","$5,398 ",18%,2.15,31,"$9,850 ",9,2,"$79,300 ",157
Rolex,126200-0007,3,"$24,061 ","$2,577 ",11%,0.77,51,"$8,020 ",3,0,"$22,321 ",157
Rolex,126200-0003,3,"$24,098 ","$2,598 ",11%,1.25,32,"$4,820 ",4,0,"$32,500 ",157
Rolex,126000-0004,3,"$49,412 ","$16,407 ",33%,1.86,65,"$16,471 ",0,0,$0 ,157
Rolex,118238-0120,3,"$74,440 ","$6,080 ",8%,0.18,164,"$24,813 ",1,0,"$22,500 ",157
Rolex,118238 CHP DI PRS,3,"$85,575 ","$30,013 ",35%,0.67,192,"$28,525 ",4,2,"$84,533 ",157
Rolex,116655-0001,3,"$91,936 ","$19,809 ",22%,1.48,53,"$30,645 ",1,1,"$26,800 ",157
Rolex,116622-0002,3,"$38,894 ","$7,793 ",20%,1.2,61,"$12,965 ",0,0,$0 ,157
Rolex,116523-0041,3,"$65,950 ","$17,577 ",27%,0.7,139,"$13,190 ",1,0,"$21,000 ",157
Rolex,116519-0195,3,"$139,337 ","$44,524 ",32%,0.9,130,"$46,446 ",3,2,"$145,798 ",157
Rolex,116519,3,"$190,979 ","$57,705 ",30%,0.93,118,"$38,196 ",2,2,"$125,130 ",157
Rolex,116515LN-0004,3,"$126,073 ","$28,880 ",23%,1.1,76,"$42,024 ",3,2,"$131,751 ",157
Rolex,116509-0037,3,"$134,180 ","$37,753 ",28%,1.83,56,"$44,727 ",3,2,"$97,063 ",157
Rolex,116509 WHT ARB OYS,3,"$132,000 ","$43,134 ",33%,1.34,89,"$44,000 ",1,0,"$37,500 ",157
Rolex,116503-0001,3,"$72,226 ","$19,757 ",27%,1.49,67,"$24,075 ",4,2,"$69,532 ",157
Rolex,116334-0009,3,"$36,735 ","$7,861 ",21%,0.84,93,"$12,245 ",5,1,"$51,848 ",157
Rolex,116334-0004,3,"$32,376 ","$4,598 ",14%,0.79,66,"$10,792 ",12,2,"$114,600 ",157
Rolex,116333-0008,3,"$42,485 ","$7,549 ",18%,,,"$14,162 ",3,1,"$35,500 ",157
Rolex,116333-0003,3,"$38,309 ","$7,002 ",18%,0.68,98,"$12,770 ",11,2,"$129,634 ",157
Rolex,116300-0005,3,"$30,200 ","$4,825 ",16%,0.62,94,"$10,067 ",15,3,"$132,800 ",157
Rolex,116264 BLK IX OYS,3,"$25,960 ","$8,141 ",31%,0.68,168,"$8,653 ",4,1,"$28,600 ",157
Rolex,116234-0139,3,"$28,603 ","$7,335 ",26%,1.34,70,"$9,534 ",1,0,"$7,300 ",157
Rolex,116234-0089,3,"$24,564 ","$4,579 ",19%,0.19,357,"$8,188 ",13,0,"$95,150 ",157
Rolex,116234-0080,3,"$26,370 ","$5,310 ",20%,0.97,76,"$8,790 ",4,0,"$29,200 ",157
Rolex,116234 SLV BLK JUB,3,"$24,808 ","$2,392 ",10%,0.1,352,"$8,269 ",2,1,"$14,140 ",157
Rolex,116233-0204,3,"$26,991 ","$3,776 ",14%,0.66,77,"$8,997 ",3,0,"$24,650 ",157
Rolex,116233-0155,3,"$28,876 ","$3,340 ",12%,0.24,173,"$9,625 ",14,3,"$125,800 ",157
Rolex,116000-0010,3,"$25,543 ","$7,233 ",28%,0.95,109,"$8,514 ",3,1,"$18,750 ",157
Rolex,115200-0004,3,"$18,822 ","$3,040 ",16%,0.3,194,"$6,274 ",2,0,"$11,100 ",157
Rolex,114200-0020,3,"$22,950 ","$6,338 ",28%,1.15,88,"$7,650 ",2,2,"$10,006 ",157
Rolex,114200 WHT IX AR OYS,3,"$16,200 ","$4,105 ",25%,0.65,142,"$3,240 ",1,1,"$4,500 ",157
Rolex,114200 SLV CON OYS,3,"$15,445 ","$2,934 ",19%,0.28,247,"$3,089 ",0,0,$0 ,157
Rolex,79174 WHT DI JUB,2,"$10,649 ","$4,077 ",38%,0.82,170,"$2,662 ",0,0,$0 ,232
Rolex,79174 SLV IX JUB,2,"$8,495 ","$1,784 ",21%,0.39,196,"$4,248 ",5,0,"$16,800 ",232
Rolex,79173 WHT ROM JUB,2,"$10,300 ","$1,869 ",18%,,,"$5,150 ",3,0,"$11,400 ",232
Rolex,79173 CHP DI JUB,2,"$12,185 ","$3,512 ",29%,,,"$6,092 ",6,1,"$22,954 ",232
Rolex,76094 AR IN OY,2,"$7,000 ","$1,893 ",27%,0.61,163,"$3,500 ",0,0,$0 ,232
Rolex,76030 PNK IN AR OYS,2,"$7,068 ","$3,293 ",47%,0.47,358,"$1,767 ",2,0,"$4,300 ",232
Rolex,69178 CHP DI PRS,2,"$19,153 ","$4,984 ",26%,1.64,58,"$9,576 ",5,0,"$38,500 ",232
Rolex,69178,2,"$14,600 ","$4,211 ",29%,1.11,95,"$7,300 ",11,2,"$92,746 ",232
Rolex,69173 CHP ROM JUB,2,"$9,500 ","$2,825 ",30%,1.41,77,"$4,750 ",1,0,"$3,700 ",232
Rolex,69160 WHT IND RM OYS,2,"$6,600 ",$532 ,8%,0.08,350,"$1,650 ",0,0,$0 ,232
Rolex,68274 WHT ROM JUB,2,"$12,950 ","$4,508 ",35%,0.7,182,"$6,475 ",5,0,"$25,550 ",232
Rolex,68273343B6252            ,2,"$10,900 ",$500 ,5%,0.23,73,"$5,450 ",3,0,"$17,550 ",232
Rolex,68273 CHP IX JUB,2,"$13,745 ","$5,488 ",40%,,,"$6,873 ",5,0,"$25,146 ",232
Rolex,67180 BLK AR BT OYS,2,"$6,034 ","$1,812 ",30%,0.34,318,"$1,006 ",0,0,$0 ,232
Rolex,5441/9,2,"$19,700 ","$3,570 ",18%,0.47,140,"$9,850 ",0,0,$0 ,232
Rolex,50535-0002,2,"$48,450 ","$14,450 ",30%,1.17,93,"$24,225 ",1,0,"$20,000 ",232
Rolex,326939-0002,2,"$82,225 ","$10,225 ",12%,0.34,133,"$41,113 ",1,0,"$39,000 ",232
Rolex,326939-0001,2,"$81,805 ","$12,995 ",16%,,,"$40,903 ",4,3,"$141,972 ",232
Rolex,326935-0006,2,"$142,663 ","$20,643 ",14%,2.3,23,"$71,331 ",1,0,"$45,000 ",232
Rolex,326935-0005 ,2,"$123,762 ","$16,654 ",13%,0.25,196,"$61,881 ",0,0,$0 ,232
Rolex,326934-0006,2,"$60,000 ","$16,925 ",28%,7.92,13,"$30,000 ",0,0,$0 ,232
Rolex,326933-0005,2,"$56,450 ","$11,260 ",20%,0.52,141,"$28,225 ",7,6,"$157,511 ",232
Rolex,326933-0004,2,"$54,940 ","$12,365 ",23%,,,"$27,470 ",2,0,"$41,500 ",232
Rolex,326138-0003,2,"$63,500 ","$13,595 ",21%,0.39,199,"$31,750 ",2,1,"$62,663 ",232
Rolex,326135-0001,2,"$81,000 ","$18,450 ",23%,0.46,182,"$40,500 ",2,0,"$67,500 ",232
Rolex,279178-0005,2,"$43,000 ","$6,741 ",16%,0.27,209,"$21,500 ",0,0,$0 ,232
Rolex,277200-0007,2,"$21,500 ","$5,833 ",27%,1.58,63,"$10,750 ",1,0,"$9,000 ",232
Rolex,277200-0006,2,"$16,075 ","$3,934 ",24%,2.98,30,"$8,038 ",0,0,$0 ,232
Rolex,277200-0004,2,"$18,735 ","$5,545 ",30%,,,"$9,368 ",0,0,$0 ,232
Rolex,268622-0002,2,"$26,833 ","$6,092 ",23%,1.12,74,"$13,416 ",0,0,$0 ,232
Rolex,228238-0005,2,"$93,000 ","$7,578 ",8%,0.37,80,"$23,250 ",1,0,"$47,000 ",232
Rolex,228238-0004,2,"$114,000 ","$15,400 ",14%,,,"$57,000 ",0,0,$0 ,232
Rolex,228206-0004,2,"$172,470 ","$43,186 ",25%,,,"$86,235 ",0,0,$0 ,232
Rolex,228206,2,"$374,973 ","$77,537 ",21%,1.54,49,"$187,486 ",0,0,$0 ,232
Rolex,218238 CHP DI PRS,2,"$96,000 ","$20,835 ",22%,0.51,155,"$48,000 ",3,2,"$121,931 ",232
Rolex,218206 ICE CON ROM PRS,2,"$143,895 ","$29,459 ",20%,0.4,189,"$71,948 ",2,1,"$122,000 ",232
Rolex,218206 ICE BLUE DIA PRS,2,"$142,250 ","$31,230 ",22%,0.58,138,"$71,125 ",0,0,$0 ,232
Rolex,19018 CHP IX BRC,2,"$25,150 ","$7,178 ",29%,0.77,135,"$12,575 ",1,0,"$11,642 ",232
Rolex,18946-0018,2,"$100,000 ","$21,437 ",21%,0.2,399,"$50,000 ",1,0,"$42,500 ",232
Rolex,18238 CHP SM DIA PRES,2,"$38,463 ",$117 ,0%,,,"$19,231 ",15,2,"$255,950 ",232
Rolex,18238 CHP ROM PRS,2,"$31,500 ","$5,667 ",18%,0.89,74,"$15,750 ",0,0,$0 ,232
Rolex,18238 CHP JUB DI PRS,2,"$33,550 ","$6,106 ",18%,0.47,142,"$16,775 ",0,0,$0 ,232
Rolex,18038 CHP IX TB,2,"$30,300 ","$4,913 ",16%,,,"$15,150 ",0,0,$0 ,232
Rolex,179174-0032,2,"$12,988 ","$2,382 ",18%,0.87,77,"$6,494 ",1,0,"$4,500 ",232
Rolex,178384-0004,2,"$29,994 ","$6,400 ",21%,1.07,73,"$14,997 ",0,0,$0 ,232
Rolex,178274-0063,2,"$14,500 ","$2,182 ",15%,0.28,198,"$7,250 ",2,0,"$13,100 ",232
Rolex,178274-0018,2,"$17,495 ","$4,195 ",24%,,,"$8,747 ",0,0,$0 ,232
Rolex,178274-0012,2,"$15,500 ","$3,648 ",24%,0.93,92,"$7,750 ",1,0,"$7,200 ",232
Rolex,178274-0004,2,"$15,750 ","$1,623 ",10%,0.22,174,"$7,875 ",5,0,"$34,400 ",232
Rolex,178241-0075,2,"$19,192 ","$3,580 ",19%,0.35,197,"$4,798 ",0,0,$0 ,232
Rolex,176200-0001,2,"$8,000 ","$1,210 ",15%,0.75,74,"$4,000 ",5,3,"$16,577 ",232
Rolex,176200 PNK IX AR OYS,2,"$7,550 ","$2,044 ",27%,0.89,111,"$3,775 ",3,1,"$10,100 ",232
Rolex,16803 BLU IX OYS,2,"$20,750 ","$2,979 ",14%,0.62,84,"$10,375 ",1,0,"$7,500 ",232
Rolex,16803 BLK IX OYS,2,"$24,500 ","$5,878 ",24%,,,"$12,250 ",1,0,"$7,500 ",232
Rolex,1680 BLK RED OYS,2,"$49,766 ","$12,619 ",25%,0.76,122,"$24,883 ",2,0,"$38,683 ",232
Rolex,1680 BLK IX,2,"$19,238 ","$4,738 ",25%,0.69,131,"$9,619 ",1,0,"$8,000 ",232
Rolex,16753 BRW IX JUB,2,"$28,251 ","$8,651 ",31%,1.69,66,"$14,125 ",0,0,$0 ,232
Rolex,16753 BLK GLD OYS,2,"$19,400 ","$2,319 ",12%,0.09,500,"$9,700 ",0,0,$0 ,232
Rolex,16718,2,"$81,750 ","$25,788 ",32%,1.64,70,"$40,875 ",0,0,$0 ,232
Rolex,16713 BLK IX JUB,2,"$24,200 ","$7,032 ",29%,1.48,72,"$12,100 ",1,1,"$8,500 ",232
Rolex,16700 BLK PEP OYS,2,"$27,500 ","$7,532 ",27%,2.08,48,"$13,750 ",6,2,"$64,750 ",232
Rolex,1665 DBL RED,2,"$101,500 ","$26,075 ",26%,1.67,56,"$50,750 ",1,1,"$45,000 ",232
Rolex,1665 BLK IX OYS,2,"$67,627 ","$35,627 ",53%,2.55,76,"$16,907 ",0,0,$0 ,232
Rolex,16628 B,2,"$51,220 ","$15,163 ",30%,,,"$25,610 ",4,2,"$90,500 ",232
Rolex,16623 STL IX OYS,2,"$26,679 ","$7,770 ",29%,0.76,139,"$13,339 ",1,1,"$8,086 ",232
Rolex,16623 BLU IX OYS,2,"$26,000 ","$8,057 ",31%,1.43,79,"$13,000 ",1,0,"$8,000 ",232
Rolex,16613360B9315            ,2,"$21,077 ","$2,747 ",13%,0.56,85,"$10,538 ",1,0,"$10,480 ",232
Rolex,16613 CHP SER OYS,2,"$27,200 ","$3,720 ",14%,,,"$13,600 ",3,1,"$38,658 ",232
Rolex,16528,2,"$98,000 ","$23,647 ",24%,1.14,77,"$49,000 ",1,1,"$35,171 ",232
Rolex,16523 WHT IX OYS,2,"$35,386 ","$6,530 ",18%,0.8,85,"$17,693 ",0,0,$0 ,232
Rolex,16523,2,"$38,075 ","$7,040 ",18%,0.71,95,"$19,038 ",1,0,"$14,000 ",232
Rolex,16518,2,"$68,807 ","$20,027 ",29%,0.76,139,"$34,404 ",1,0,"$28,247 ",232
Rolex,16234 SLV IX JUB,2,"$11,396 ","$1,732 ",15%,0.3,185,"$5,698 ",5,2,"$23,569 ",232
Rolex,16234 GRY ROM JUB,2,"$12,710 ","$3,941 ",31%,2.18,52,"$6,355 ",4,1,"$19,265 ",232
Rolex,16234 BLU ROM JUB,2,"$13,032 ","$3,248 ",25%,2.68,34,"$6,516 ",7,0,"$37,442 ",232
Rolex,16234 BLK IX JUB,2,"$10,855 ","$1,713 ",16%,0.28,209,"$5,428 ",3,0,"$16,801 ",232
Rolex,16234,2,"$11,450 ","$2,422 ",21%,,,"$5,725 ",5,0,"$25,000 ",232
Rolex,16233 WHT IND JUB,2,"$16,400 ","$4,491 ",27%,,,"$8,200 ",2,1,"$10,700 ",232
Rolex,16233 WHT AR JUB,2,"$14,200 ","$4,587 ",32%,1.04,113,"$7,100 ",0,0,$0 ,232
Rolex,16233 MOP ROM JUB,2,"$14,269 ","$2,422 ",17%,0.42,148,"$7,134 ",7,3,"$42,915 ",232
Rolex,16233 IVR PYR JUB,2,"$12,949 ","$1,872 ",14%,0.67,79,"$6,475 ",10,1,"$59,333 ",232
Rolex,16233 IVR AR JUB,2,"$13,088 ","$1,736 ",13%,0.26,184,"$6,544 ",4,0,"$21,891 ",232
Rolex,16233,2,"$15,950 ","$3,975 ",25%,0.95,96,"$7,975 ",17,0,"$98,554 ",232
Rolex,16220,2,"$12,950 ","$3,676 ",28%,1.23,84,"$3,238 ",3,0,"$14,612 ",232
Rolex,16200 IVR JUB ARB JUB,2,"$11,900 ","$3,710 ",31%,0.67,171,"$5,950 ",2,0,"$11,000 ",232
Rolex,16200 BLK IX OYS,2,"$12,950 ","$3,223 ",25%,0.99,92,"$6,475 ",1,0,"$4,858 ",232
Rolex,16030 SLT IX JUB,2,"$13,260 ","$5,071 ",38%,1.25,111,"$3,315 ",1,0,"$4,500 ",232
Rolex,16013 SLV IX JUB,2,"$10,195 ","$3,069 ",30%,4.78,23,"$5,098 ",2,0,"$8,420 ",232
Rolex,16013 CHP DI JUB,2,"$13,950 ","$4,477 ",32%,1.39,84,"$6,975 ",1,0,"$4,576 ",232
Rolex,16013 BLU IX JUB,2,"$9,616 ","$3,874 ",40%,2.33,63,"$4,808 ",0,0,$0 ,232
Rolex,1601 CHP IX JUB,2,"$7,912 ","$2,333 ",29%,1.47,73,"$3,956 ",0,0,$0 ,232
Rolex,15053,2,"$13,716 ","$1,935 ",14%,0.57,91,"$6,858 ",0,0,$0 ,232
Rolex,1505,2,"$8,128 ","$3,913 ",48%,1.21,146,"$1,355 ",0,0,$0 ,232
Rolex,14000 PNK IX OYS,2,"$7,996 ","$1,519 ",19%,0.61,114,"$3,998 ",3,0,"$11,600 ",232
Rolex,14000 BLU IX AR OYS,2,"$9,701 ","$1,913 ",20%,,,"$4,851 ",5,0,"$20,390 ",232
Rolex,14000 BLK IX OYS,2,"$8,534 ","$1,933 ",23%,0.63,132,"$4,267 ",4,0,"$13,100 ",232
Rolex,128238-0051,2,"$155,500 ","$28,711 ",18%,0.58,116,"$77,750 ",1,1,"$64,700 ",232
Rolex,126719BLRO-0003,2,"$92,582 ","$16,419 ",18%,0.44,146,"$46,291 ",2,0,"$82,500 ",232
Rolex,126655-0002,2,"$77,443 ","$18,393 ",24%,1.4,62,"$38,721 ",0,0,$0 ,232
Rolex,126622-0001,2,"$32,000 ","$7,262 ",23%,2.96,28,"$16,000 ",1,0,"$16,844 ",232
Rolex,126621-0002,2,"$38,190 ","$10,590 ",28%,3.07,33,"$19,095 ",2,1,"$33,575 ",232
Rolex,126618LN-0002,2,"$90,500 ","$14,965 ",17%,2.16,28,"$45,250 ",3,2,"$105,100 ",232
Rolex,126334-0018,2,"$26,006 ","$3,731 ",14%,0.65,81,"$13,003 ",1,0,"$12,284 ",232
Rolex,126334-0013,2,"$23,450 ","$4,859 ",21%,0.92,82,"$11,725 ",3,1,"$29,549 ",232
Rolex,126334-0006,2,"$31,494 ","$8,243 ",26%,0.93,103,"$15,747 ",1,0,"$10,963 ",232
Rolex,126334-0004,2,"$24,496 ","$2,896 ",12%,0.31,138,"$12,248 ",2,0,"$21,650 ",232
Rolex,126334-0003,2,"$23,375 ","$5,516 ",24%,1.47,59,"$11,688 ",4,0,"$35,246 ",232
Rolex,126333-0014,2,"$32,648 ","$6,202 ",19%,,,"$16,324 ",8,2,"$109,318 ",232
Rolex,126333-0012,2,"$29,500 ","$3,754 ",13%,0.39,119,"$14,750 ",4,0,"$50,400 ",232
Rolex,126333-0005,2,"$31,100 ","$4,848 ",16%,0.61,94,"$15,550 ",1,0,"$14,000 ",232
Rolex,126333-0001,2,"$29,523 ","$5,573 ",19%,0.52,133,"$14,761 ",2,0,"$23,500 ",232
Rolex,126331-0015,2,"$31,213 ","$4,737 ",15%,0.52,107,"$15,607 ",5,0,"$69,100 ",232
Rolex,126331-0004,2,"$32,677 ","$5,987 ",18%,0.64,105,"$16,338 ",2,0,"$29,300 ",232
Rolex,126303-0019,2,"$25,575 ","$2,673 ",10%,0.18,217,"$6,394 ",0,0,$0 ,232
Rolex,126300-0018,2,"$25,000 ","$5,350 ",21%,2.06,38,"$12,500 ",1,0,"$9,200 ",232
Rolex,126300-0017,2,"$22,307 ","$3,707 ",17%,,,"$11,154 ",6,2,"$55,700 ",232
Rolex,126300-0005,2,"$19,210 ","$4,524 ",24%,1.32,65,"$9,605 ",9,3,"$79,125 ",232
Rolex,126234-0046,2,"$23,098 ","$5,475 ",24%,1.01,86,"$11,549 ",2,0,"$17,700 ",232
Rolex,126234-0028,2,"$22,659 ","$3,734 ",16%,0.6,101,"$11,329 ",0,0,$0 ,232
Rolex,126231-0027,2,"$27,462 ","$6,954 ",25%,1.34,69,"$13,731 ",1,0,"$12,150 ",232
Rolex,126231-0013,2,"$25,090 ","$5,724 ",23%,2.08,40,"$12,545 ",0,0,$0 ,232
Rolex,126200-0020,2,"$31,500 ","$10,970 ",35%,,,"$15,750 ",1,1,"$12,257 ",232
Rolex,126200-0018,2,"$19,705 ","$5,244 ",27%,1.3,75,"$9,852 ",1,0,"$8,900 ",232
Rolex,126200-0017,2,"$21,000 ","$7,400 ",35%,0.44,291,"$5,250 ",2,1,"$16,050 ",232
Rolex,126000-0008,2,"$30,000 ","$8,958 ",30%,,,"$15,000 ",0,0,$0 ,232
Rolex,126000-0001,2,"$16,600 ","$4,550 ",27%,1.34,75,"$8,300 ",1,0,"$5,000 ",232
Rolex,11836666RB8320           ,2,"$158,200 ","$29,672 ",19%,0.78,88,"$39,550 ",0,0,$0 ,232
Rolex,118238-0116,2,"$47,577 ","$9,145 ",19%,1.51,47,"$23,788 ",4,1,"$95,800 ",232
Rolex,118238-0061,2,"$44,611 ","$5,751 ",13%,0.65,72,"$11,153 ",1,0,"$15,000 ",232
Rolex,116718LN-0002,2,"$119,272 ","$25,375 ",21%,1.47,53,"$59,636 ",6,5,"$275,762 ",232
Rolex,116713LN-0001,2,"$31,927 ","$5,824 ",18%,,,"$15,963 ",7,5,"$95,599 ",232
Rolex,116688-0002,2,"$98,852 ","$22,629 ",23%,1.23,68,"$49,426 ",0,0,$0 ,232
Rolex,116688-0001,2,"$92,500 ","$17,845 ",19%,,,"$46,250 ",9,3,"$340,958 ",232
Rolex,116613LN-0003,2,"$37,624 ","$8,546 ",23%,,,"$18,812 ",3,0,"$44,430 ",232
Rolex,116599RBOW,2,"$875,000 ","$151,169 ",17%,1.54,41,"$437,500 ",3,3,"$1,153,756 ",232
Rolex,116523-0039,2,"$38,722 ","$9,749 ",25%,1.19,77,"$19,361 ",2,0,"$33,800 ",232
Rolex,116523 WHT AR OYS,2,"$47,000 ","$14,305 ",30%,0.79,141,"$23,500 ",1,0,"$15,800 ",232
Rolex,116519 BLK IX DB,2,"$59,000 ","$15,946 ",27%,1.3,76,"$29,500 ",1,0,"$30,000 ",232
Rolex,116518LN-0048,2,"$105,000 ","$29,711 ",28%,2.49,42,"$52,500 ",1,1,"$50,060 ",232
Rolex,116518LN-0040,2,"$117,705 ","$32,130 ",27%,2.49,40,"$58,853 ",2,1,"$80,500 ",232
Rolex,116518LN-0039,2,"$99,500 ","$22,630 ",23%,0.71,118,"$49,750 ",1,0,"$35,000 ",232
Rolex,116518 BLK CHP DB,2,"$71,124 ","$15,102 ",21%,0.51,153,"$35,562 ",1,1,"$32,800 ",232
Rolex,116509-0036,2,"$87,571 ","$21,636 ",25%,1.05,86,"$21,893 ",5,1,"$184,775 ",232
Rolex,116505-0002,2,"$106,018 ","$22,751 ",21%,1.03,76,"$53,009 ",0,0,$0 ,232
Rolex,116334-0005,2,"$22,853 ","$3,536 ",15%,0.48,117,"$11,427 ",10,4,"$96,518 ",232
Rolex,116333-0005,2,"$25,300 ","$4,511 ",18%,0.7,94,"$12,650 ",8,1,"$89,000 ",232
Rolex,116300-0004,2,"$19,150 ",$706 ,4%,0.13,100,"$9,575 ",14,1,"$122,450 ",232
Rolex,116300-0003,2,"$18,156 ","$2,771 ",15%,1.64,34,"$9,078 ",1,0,"$8,600 ",232
Rolex,116234-0091,2,"$16,378 ","$4,097 ",25%,1.03,89,"$8,189 ",1,0,"$6,500 ",232
Rolex,116233-0180,2,"$18,500 ","$4,032 ",22%,1.05,76,"$9,250 ",0,0,$0 ,232
Rolex,116233-0151,2,"$17,950 ","$1,430 ",8%,0.36,81,"$8,975 ",12,1,"$91,550 ",232
Rolex,116233-0147,2,"$17,500 ","$2,139 ",12%,1.27,35,"$8,750 ",9,1,"$75,850 ",232
Rolex,116200-0078,2,"$15,883 ","$3,980 ",25%,0.62,148,"$7,942 ",0,0,$0 ,232
Rolex,116200-0074,2,"$15,140 ","$3,911 ",26%,0.9,105,"$7,570 ",2,0,"$12,000 ",232
Rolex,116200-0069,2,"$16,773 ","$4,547 ",27%,,,"$8,387 ",5,1,"$32,475 ",232
Rolex,116200-0067,2,"$15,608 ","$2,056 ",13%,,,"$7,804 ",11,0,"$75,440 ",232
Rolex,116200-0060,2,"$13,050 ","$2,299 ",18%,4.95,13,"$6,525 ",6,0,"$39,150 ",232
Rolex,116200-0057,2,"$14,764 ","$3,164 ",21%,0.42,188,"$3,691 ",2,0,"$12,800 ",232
Rolex,116000-0011,2,"$14,500 ","$3,259 ",22%,0.9,91,"$3,625 ",1,0,"$5,600 ",232
Rolex,116000-0002,2,"$11,100 ","$2,437 ",22%,1.03,78,"$2,775 ",5,1,"$28,300 ",232
Rolex,116000 BLK ORG OYS,2,"$12,025 ","$4,199 ",35%,1.16,110,"$6,013 ",0,0,$0 ,232
Rolex,115234-0011,2,"$14,259 ","$3,956 ",28%,0.64,158,"$7,130 ",1,0,"$6,000 ",232
Rolex,115200-0008,2,"$13,950 ","$4,138 ",30%,1.12,97,"$6,975 ",1,0,"$5,100 ",232
Rolex,114210 BLU IX AR OYS,2,"$10,495 ","$3,976 ",38%,1.62,86,"$5,248 ",0,0,$0 ,232
Rolex,114200-0024,2,"$15,338 ","$4,155 ",27%,2.6,38,"$7,669 ",1,0,"$5,400 ",232
Rolex,114200-0021,2,"$14,000 ","$2,100 ",15%,0.98,56,"$7,000 ",2,0,"$12,940 ",232
Rolex,114200-0014,2,"$13,450 ","$4,303 ",32%,1.27,92,"$6,725 ",2,1,"$9,096 ",232
Rolex,1002 BLU IX JUB,2,"$5,800 ","$1,838 ",32%,1.03,112,"$2,900 ",0,0,$0 ,232
Rolex,POCKET WATCH,1,"$4,650 ","$2,250 ",48%,,,"$4,650 ",1,0,"$4,000 ",400
Rolex,DAYTONA ARTISAN          ,1,"$82,500 ","$7,500 ",9%,0.4,84,"$82,500 ",1,1,"$66,667 ",400
Rolex,86349SAFUBL-0002,1,"$75,000 ","$25,000 ",33%,,,"$75,000 ",0,0,$0 ,400
Rolex,86349SAFUBL DI PRL,1,"$74,218 ","$14,476 ",20%,0.23,315,"$74,218 ",0,0,$0 ,400
Rolex,86348SABLV               ,1,"$85,000 ","$25,837 ",30%,1.22,91,"$85,000 ",0,0,$0 ,400
Rolex,81299-0003,1,"$36,686 ","$15,596 ",43%,,,"$36,686 ",0,0,$0 ,400
Rolex,81285-0009,1,"$48,925 ","$16,925 ",35%,,,"$48,925 ",0,0,$0 ,400
Rolex,81209 BLK MOP PRL,1,"$18,500 ","$1,373 ",7%,0.09,301,"$18,500 ",0,0,$0 ,400
Rolex,80359 MOP DI DI PRL,1,"$35,000 ","$10,274 ",29%,0.84,128,"$35,000 ",1,1,"$28,535 ",400
Rolex,80329,1,"$13,500 ","$4,749 ",35%,,,"$13,500 ",1,0,"$13,000 ",400
Rolex,80315583B7294            ,1,"$25,276 ","$8,382 ",33%,,,"$25,276 ",1,1,"$15,000 ",400
Rolex,80299-0010,1,"$22,000 ","$7,000 ",32%,,,"$22,000 ",0,0,$0 ,400
Rolex,80298 MOP DI PRL,1,"$26,000 ","$8,925 ",34%,,,"$26,000 ",0,0,$0 ,400
Rolex,80298,1,"$40,000 ","$6,050 ",15%,,,"$40,000 ",1,0,"$33,075 ",400
Rolex,79240 BLK IX JUB,1,"$4,850 ",$905 ,19%,0.39,174,"$4,850 ",0,0,$0 ,400
Rolex,79190 WHT IX AR OYS,1,"$3,250 ",$273 ,8%,,,"$3,250 ",1,0,"$3,500 ",400
Rolex,79174 WHT ROM JUB,1,"$3,815 ",$566 ,15%,0.29,185,"$3,815 ",2,1,"$7,050 ",400
Rolex,79174 RHD ROM JUB,1,"$4,650 ","$1,710 ",37%,1.66,81,"$1,550 ",1,0,"$3,400 ",400
Rolex,79174 PNK DI JUB,1,"$5,450 ","$2,694 ",49%,0.87,207,"$1,817 ",3,0,"$11,350 ",400
Rolex,79174 PNK ARB IX JUB,1,"$3,850 ",$901 ,23%,,,"$3,850 ",0,0,$0 ,400
Rolex,79174 BLK IX OYS,1,"$3,600 ",$207 ,6%,0.07,294,"$1,200 ",0,0,$0 ,400
Rolex,79173356B6252            ,1,"$5,600 ","$2,165 ",39%,,,"$5,600 ",1,0,"$4,200 ",400
Rolex,7917331GB6252            ,1,"$5,500 ","$2,317 ",42%,1.59,97,"$5,500 ",1,0,"$4,600 ",400
Rolex,79173 IVY PYR JUB,1,"$4,579 ","$1,995 ",44%,1.53,104,"$4,579 ",4,1,"$14,909 ",400
Rolex,79173 GLD MOP ROM JUB,1,"$5,350 ","$1,128 ",21%,0.5,153,"$5,350 ",2,0,"$8,150 ",400
Rolex,79173 CHP JUB JUB,1,"$5,000 ","$1,538 ",31%,,,"$5,000 ",0,0,$0 ,400
Rolex,79173 CHP IX JUB,1,"$5,610 ","$1,969 ",35%,1.1,116,"$5,610 ",4,0,"$14,625 ",400
Rolex,79173 CHP AR JUB,1,"$4,360 ",$64 ,1%,0.01,384,"$1,453 ",0,0,$0 ,400
Rolex,79163 WHT IX OYS,1,"$2,400 ",$400 ,17%,12.17,5,"$2,400 ",1,0,"$2,500 ",400
Rolex,79163 BLU IX OYS,1,"$4,400 ",$309 ,7%,0.17,147,"$4,400 ",0,0,$0 ,400
Rolex,79160 SLV IX OYS,1,"$3,745 ",$888 ,24%,0.5,172,"$1,248 ",3,0,"$9,000 ",400
Rolex,79160 PNK IX AR OYS,1,"$3,580 ",$454 ,13%,0.13,350,"$3,580 ",2,0,"$6,600 ",400
Rolex,79160,1,"$4,850 ","$1,750 ",36%,,,"$4,850 ",5,0,"$16,700 ",400
Rolex,78274463B6311            ,1,"$5,995 ","$1,316 ",22%,,,"$5,995 ",0,0,$0 ,400
Rolex,7827443GB6251            ,1,"$6,228 ","$1,244 ",20%,0.37,196,"$6,228 ",0,0,$0 ,400
Rolex,78274 SLV IX JUB,1,"$6,150 ","$1,550 ",25%,0.79,117,"$6,150 ",0,0,$0 ,400
Rolex,78273 GLD MOP JUB,1,"$6,500 ","$1,200 ",18%,0.31,216,"$6,500 ",1,0,"$5,650 ",400
Rolex,78240A63B7835            ,1,"$7,065 ","$3,827 ",54%,,,"$7,065 ",0,0,$0 ,400
Rolex,77080 BLK IX AR OYS,1,"$4,197 ","$1,055 ",25%,1.33,69,"$4,197 ",4,0,"$13,200 ",400
Rolex,77014 SLV IX OYS,1,"$4,600 ","$1,300 ",28%,0.43,238,"$4,600 ",0,0,$0 ,400
Rolex,76094410B7824            ,1,"$3,672 ","$1,972 ",54%,1.88,104,"$3,672 ",1,0,"$2,150 ",400
Rolex,76080 PNK IN AR OYS,1,"$2,889 ",$510 ,18%,0.3,218,"$2,889 ",4,0,"$9,200 ",400
Rolex,76080 BLU IX AR OYS,1,"$3,450 ","$1,474 ",43%,,,"$3,450 ",1,0,"$2,150 ",400
Rolex,76080 BLK IX OYS,1,"$3,450 ","$1,394 ",40%,0.45,325,"$1,150 ",2,0,"$4,400 ",400
Rolex,76080 BLK IN AR OYS,1,"$3,155 ",$962 ,31%,0.7,160,"$3,155 ",2,0,"$4,300 ",400
Rolex,76030 BLU IND OYS,1,"$3,300 ","$1,041 ",32%,0.36,322,"$3,300 ",0,0,$0 ,400
Rolex,69258 CHP DI PRS,1,"$12,000 ","$6,030 ",50%,1.26,145,"$12,000 ",0,0,$0 ,400
Rolex,69240A10B6251            ,1,"$3,710 ",$715 ,19%,,,"$3,710 ",0,0,$0 ,400
Rolex,69238,1,"$9,900 ",$700 ,7%,3.23,8,"$9,900 ",0,0,$0 ,400
Rolex,69190 SLV IX OYS,1,"$4,150 ","$1,054 ",25%,,,"$4,150 ",1,0,"$2,800 ",400
Rolex,69178 CHP IX PRS,1,"$9,300 ","$3,349 ",36%,0.85,154,"$9,300 ",4,0,"$29,050 ",400
Rolex,69178 BLU DI PRES,1,"$9,954 ","$2,958 ",30%,0.57,189,"$9,954 ",2,0,"$17,700 ",400
Rolex,69174 WHT ROM JUB,1,"$3,900 ",$800 ,21%,0.86,87,"$3,900 ",2,0,"$6,300 ",400
Rolex,69174 SLT TAP IX JUB,1,"$4,017 ","$1,366 ",34%,1.17,106,"$4,017 ",0,0,$0 ,400
Rolex,69174 SIL DI JUB,1,"$3,950 ",$257 ,7%,0.12,194,"$3,950 ",5,0,"$18,589 ",400
Rolex,69174 PNK ROM JUB,1,"$3,708 ",$76 ,2%,0.02,312,"$1,236 ",6,0,"$20,400 ",400
Rolex,69174 PNK DI JUB,1,"$4,700 ",$417 ,9%,,,"$4,700 ",1,0,"$4,300 ",400
Rolex,69174 IVRY JUB JUB,1,"$3,945 ",$526 ,13%,0.17,281,"$3,945 ",2,1,"$6,500 ",400
Rolex,69174 BLU IX JUB,1,"$3,700 ",$282 ,8%,0.3,92,"$3,700 ",1,0,"$2,600 ",400
Rolex,69174 BLU DI JUB,1,"$4,590 ","$1,582 ",34%,0.83,151,"$4,590 ",1,0,"$3,950 ",400
Rolex,69174,1,"$4,250 ","$1,441 ",34%,1.06,117,"$4,250 ",4,0,"$13,566 ",400
Rolex,69173 WHT THIN ROM JUB,1,"$4,950 ","$1,530 ",31%,1.15,98,"$4,950 ",5,0,"$18,400 ",400
Rolex,69173 WHT IND JUB,1,"$4,700 ","$1,454 ",31%,1.82,62,"$4,700 ",0,0,$0 ,400
Rolex,69173 WHT BLK ROM JUB,1,"$5,320 ","$1,529 ",29%,0.54,195,"$5,320 ",0,0,$0 ,400
Rolex,69173 STL ROM JUB,1,"$4,455 ","$1,060 ",24%,0.53,163,"$4,455 ",5,0,"$18,500 ",400
Rolex,69173 SLV IX JUB,1,"$5,941 ","$2,053 ",35%,1.42,89,"$5,941 ",3,1,"$6,336 ",400
Rolex,69173 SLV DI JUB,1,"$4,901 ","$1,411 ",29%,,,"$4,901 ",0,0,$0 ,400
Rolex,69173 MOP ROM JUB,1,"$5,595 ","$2,099 ",38%,,,"$5,595 ",9,1,"$36,368 ",400
Rolex,69173 IVY ROM JUB,1,"$4,500 ","$1,416 ",31%,,,"$4,500 ",10,0,"$37,850 ",400
Rolex,69173 HD IN JUB,1,"$4,386 ",$977 ,22%,0.92,88,"$4,386 ",0,0,$0 ,400
Rolex,69173 CH TP JUB,1,"$4,515 ","$2,053 ",45%,2.37,70,"$4,515 ",0,0,$0 ,400
Rolex,69173 BLU DI JUB,1,"$5,655 ","$1,310 ",23%,0.36,234,"$5,655 ",1,0,"$4,000 ",400
Rolex,69173 BLK TAP JUB,1,"$5,200 ","$2,234 ",43%,1.14,138,"$5,200 ",0,0,$0 ,400
Rolex,69173 BLK JUB ROM OYS,1,"$4,500 ",$343 ,8%,,,"$4,500 ",1,0,"$3,400 ",400
Rolex,69173 BLK DI JUB,1,"$5,200 ",$999 ,19%,,,"$5,200 ",5,0,"$18,250 ",400
Rolex,69173,1,"$4,671 ","$1,371 ",29%,15.31,7,"$4,671 ",17,0,"$63,832 ",400
Rolex,6917 WHT ROM PRS,1,"$5,000 ",$500 ,10%,0.23,156,"$5,000 ",0,0,$0 ,400
Rolex,6917 WHT IX TB,1,"$4,850 ",$342 ,7%,0.14,183,"$4,850 ",0,0,$0 ,400
Rolex,6917 ONYX PRS,1,"$9,950 ","$4,129 ",42%,,,"$9,950 ",0,0,$0 ,400
Rolex,6917 CHP MOS JUB,1,"$1,900 ",$692 ,36%,3.09,43,$633 ,0,0,$0 ,400
Rolex,6917 CHP IX OYS,1,"$2,250 ",$850 ,38%,11.49,12,"$2,250 ",0,0,$0 ,400
Rolex,6917 CHP IX JUB,1,"$4,450 ","$2,879 ",65%,1.76,134,"$4,450 ",0,0,$0 ,400
Rolex,69166 WHT ROM PRS,1,"$11,603 ","$3,854 ",33%,,,"$11,603 ",0,0,$0 ,400
Rolex,69160 SIL IX OYS,1,"$4,340 ",$513 ,12%,,,"$4,340 ",1,0,"$3,400 ",400
Rolex,69160 PNK IN AR OYS,1,"$3,309 ",$659 ,20%,0.3,244,"$3,309 ",0,0,$0 ,400
Rolex,69160 BLU IX OYS,1,"$3,850 ",$609 ,16%,0.51,114,"$3,850 ",1,0,"$2,650 ",400
Rolex,69160 BLU IX AR OYS,1,"$4,100 ",$515 ,13%,0.36,126,"$4,100 ",0,0,$0 ,400
Rolex,6916,1,"$1,680 ",$480 ,29%,3.72,28,"$1,680 ",0,0,$0 ,400
Rolex,69068,1,"$16,959 ","$9,194 ",54%,,,"$16,959 ",1,0,"$10,500 ",400
Rolex,68623340B7875            ,1,"$8,500 ","$1,334 ",16%,0.35,162,"$8,500 ",0,0,$0 ,400
Rolex,68279 CHP DI PRS,1,"$11,155 ","$1,988 ",18%,,,"$11,155 ",3,0,"$33,845 ",400
Rolex,68278860B8389            ,1,"$16,810 ","$6,960 ",41%,1.54,98,"$16,810 ",0,0,$0 ,400
Rolex,68278 HOW ROM PRS,1,"$28,945 ","$9,084 ",31%,,,"$28,945 ",0,0,$0 ,400
Rolex,6827332JB6252            ,1,"$7,007 ","$2,532 ",36%,,,"$7,007 ",2,0,"$11,250 ",400
Rolex,68273 WHT IX JUB,1,"$6,700 ","$1,347 ",20%,0.92,80,"$6,700 ",0,0,$0 ,400
Rolex,68273 SLT JUB JUB,1,"$6,120 ","$1,098 ",18%,0.27,244,"$6,120 ",1,1,"$4,800 ",400
Rolex,68273 IV JUB AR JUB,1,"$6,900 ","$1,185 ",17%,0.45,138,"$6,900 ",5,0,"$26,600 ",400
Rolex,68273 CHP TAP JUB,1,"$6,300 ","$1,213 ",19%,0.34,206,"$6,300 ",0,0,$0 ,400
Rolex,68273 CHP DI JUB,1,"$7,500 ","$1,404 ",19%,,,"$7,500 ",11,0,"$58,986 ",400
Rolex,6827 CHP IX TB,1,"$6,800 ","$1,092 ",16%,0.25,231,"$6,800 ",0,0,$0 ,400
Rolex,6827 CHP IX PRS,1,"$9,000 ","$1,000 ",11%,0.69,59,"$9,000 ",0,0,$0 ,400
Rolex,68258 CHP JUB ROM PRS,1,"$14,500 ","$2,321 ",16%,,,"$14,500 ",0,0,$0 ,400
Rolex,68240 BLU ROM OYS,1,"$5,951 ","$2,890 ",49%,0.69,256,"$5,951 ",5,0,"$23,250 ",400
Rolex,6824 SLV IX OYS,1,"$4,250 ","$2,127 ",50%,2.08,88,"$4,250 ",0,0,$0 ,400
Rolex,67514 SLV IX OYS,1,"$4,650 ","$1,609 ",35%,0.61,206,"$1,550 ",0,0,$0 ,400
Rolex,67230 PNK IX OYS,1,"$3,550 ","$1,392 ",39%,0.44,322,"$3,550 ",0,0,$0 ,400
Rolex,67198 BLU DI OYS,1,"$5,000 ",$800 ,16%,0.33,179,"$5,000 ",0,0,$0 ,400
Rolex,67193 BLK IX OYS,1,"$4,250 ","$1,619 ",38%,2.28,61,"$4,250 ",2,0,"$5,670 ",400
Rolex,67180,1,"$3,000 ",$665 ,22%,,,"$3,000 ",3,0,"$6,800 ",400
Rolex,6692/9,1,"$6,900 ","$1,235 ",18%,0.25,258,"$6,900 ",0,0,$0 ,400
Rolex,6623 WHT DI BRC,1,"$9,950 ","$3,900 ",39%,2.24,64,"$9,950 ",0,0,$0 ,400
Rolex,6623 CHP AR DB,1,"$5,950 ","$2,533 ",43%,0.79,196,"$1,983 ",0,0,$0 ,400
Rolex,6622/8 CHP JUB IX BRC,1,"$4,151 ",$151 ,4%,0.25,53,"$1,384 ",0,0,$0 ,400
Rolex,6622/8                   ,1,"$5,350 ",$885 ,17%,,,"$5,350 ",0,0,$0 ,400
Rolex,6619,1,"$1,771 ",$871 ,49%,1.78,101,"$1,771 ",2,1,"$4,000 ",400
Rolex,6567 CHP IX BRC,1,"$5,300 ","$1,800 ",34%,1.53,81,"$5,300 ",0,0,$0 ,400
Rolex,6564,1,"$2,634 ",$634 ,24%,,,"$2,634 ",0,0,$0 ,400
Rolex,6549,1,"$3,538 ","$1,608 ",45%,1.33,125,"$3,538 ",0,0,$0 ,400
Rolex,6516,1,"$1,555 ",$555 ,36%,,,"$1,555 ",0,0,$0 ,400
Rolex,6265 BLK RED OYS,1,"$95,500 ","$33,600 ",35%,,,"$95,500 ",2,1,"$110,000 ",400
Rolex,6264 SLV BLK OYS,1,"$120,000 ","$20,000 ",17%,0.24,250,"$120,000 ",0,0,$0 ,400
Rolex,6234 SLV IX TB,1,"$32,000 ","$14,423 ",45%,,,"$32,000 ",0,0,$0 ,400
Rolex,6229/9,1,"$4,175 ",$219 ,5%,,,"$4,175 ",0,0,$0 ,400
Rolex,6090,1,"$3,400 ","$1,065 ",31%,0.92,124,"$3,400 ",0,0,$0 ,400
Rolex,5552,1,"$1,826 ",$626 ,34%,0.36,350,"$1,826 ",0,0,$0 ,400
Rolex,5513 BLK IX TG,1,"$10,500 ","$4,900 ",47%,1.33,128,"$10,500 ",0,0,$0 ,400
Rolex,5512,1,"$16,868 ","$4,527 ",27%,4.08,24,"$16,868 ",0,0,$0 ,400
Rolex,5500 SLV PIOC JUB,1,"$6,800 ","$2,554 ",38%,,,"$6,800 ",0,0,$0 ,400
Rolex,5500 GRY IX OYS,1,"$3,749 ","$1,001 ",27%,,,"$3,749 ",0,0,$0 ,400
Rolex,5443/9 BLK STRP,1,"$10,000 ","$2,759 ",28%,0.95,106,"$10,000 ",2,0,"$14,950 ",400
Rolex,5330/5,1,"$7,470 ","$2,498 ",33%,1.36,90,"$2,490 ",0,0,$0 ,400
Rolex,51158041STC70            ,1,"$5,550 ","$2,378 ",43%,1.63,96,"$5,550 ",0,0,$0 ,400
Rolex,5115/8,1,"$4,600 ","$2,250 ",49%,,,"$4,600 ",0,0,$0 ,400
Rolex,5078/8                   ,1,"$3,000 ",$344 ,11%,,,"$3,000 ",0,0,$0 ,400
Rolex,50605RBR-0014,1,"$18,036 ","$5,036 ",28%,,,"$18,036 ",0,0,$0 ,400
Rolex,50535-0001               ,1,"$23,500 ","$6,128 ",26%,,,"$23,500 ",1,0,"$18,000 ",400
Rolex,50529-0004,1,"$15,000 ","$6,623 ",44%,,,"$15,000 ",1,0,"$9,500 ",400
Rolex,50519-0013,1,"$15,963 ","$5,053 ",32%,0.56,206,"$15,963 ",0,0,$0 ,400
Rolex,50519-0004,1,"$14,443 ","$5,982 ",41%,0.72,211,"$14,443 ",0,0,$0 ,400
Rolex,50515-0008,1,"$13,995 ","$3,995 ",29%,8.68,12,"$13,995 ",2,1,"$20,373 ",400
Rolex,50509-0007,1,"$14,872 ","$4,355 ",29%,,,"$14,872 ",0,0,$0 ,400
Rolex,50509-0006,1,"$14,900 ","$5,714 ",38%,2.37,59,"$14,900 ",1,0,"$12,000 ",400
Rolex,50505-0016,1,"$14,950 ","$5,230 ",35%,1.32,97,"$14,950 ",0,0,$0 ,400
Rolex,4243 WHT IX DB,1,"$7,000 ","$2,522 ",36%,,,"$7,000 ",0,0,$0 ,400
Rolex,328,1,"$4,791 ","$2,516 ",53%,2.34,82,"$4,791 ",0,0,$0 ,400
Rolex,326938-0004,1,"$59,000 ","$6,000 ",10%,0.82,45,"$59,000 ",4,2,"$196,469 ",400
Rolex,326935-0007,1,"$60,000 ","$2,000 ",3%,,,"$60,000 ",3,2,"$171,842 ",400
Rolex,326235-0006,1,"$48,000 ","$7,769 ",16%,0.49,120,"$48,000 ",2,2,"$76,499 ",400
Rolex,326235-0005,1,"$53,217 ","$12,792 ",24%,0.43,206,"$10,643 ",0,0,$0 ,400
Rolex,326139-0004,1,"$34,950 ","$8,402 ",24%,1.06,83,"$34,950 ",0,0,$0 ,400
Rolex,326139-0003,1,"$32,500 ","$2,838 ",9%,0.13,238,"$32,500 ",1,0,"$28,750 ",400
Rolex,326138-0008,1,"$41,500 ","$6,221 ",15%,,,"$41,500 ",0,0,$0 ,400
Rolex,279384RBR-0003,1,"$16,708 ","$4,708 ",28%,3.32,31,"$5,569 ",0,0,$0 ,400
Rolex,279383RBR-0019,1,"$16,000 ","$5,500 ",34%,,,"$16,000 ",1,0,"$13,000 ",400
Rolex,279178-0013,1,"$25,200 ","$5,482 ",22%,0.47,168,"$25,200 ",0,0,$0 ,400
Rolex,279174-0013,1,"$9,450 ","$4,408 ",47%,1.56,109,"$9,450 ",0,0,$0 ,400
Rolex,279174-0005,1,"$9,250 ","$4,050 ",44%,,,"$9,250 ",0,0,$0 ,400
Rolex,279173-0017,1,"$10,705 ","$1,929 ",18%,0.36,182,"$10,705 ",0,0,$0 ,400
Rolex,279173-0002,1,"$10,000 ","$2,200 ",22%,,,"$10,000 ",1,0,"$7,500 ",400
Rolex,279171-0009,1,"$9,500 ","$2,363 ",25%,,,"$9,500 ",0,0,$0 ,400
Rolex,279171-0005,1,"$10,000 ","$2,308 ",23%,,,"$10,000 ",0,0,$0 ,400
Rolex,279135RBR-0003,1,"$36,000 ","$11,256 ",31%,,,"$36,000 ",0,0,$0 ,400
Rolex,278383RBR-0028,1,"$16,778 ","$4,778 ",28%,3.71,28,"$16,778 ",0,0,$0 ,400
Rolex,278344RBR-0026,1,"$16,000 ","$1,500 ",9%,,,"$16,000 ",0,0,$0 ,400
Rolex,278288RBR-0010,1,"$63,000 ","$9,925 ",16%,,,"$63,000 ",0,0,$0 ,400
Rolex,278278-0004,1,"$37,037 ","$1,037 ",3%,1.46,7,"$37,037 ",0,0,$0 ,400
Rolex,278274-0034,1,"$10,000 ","$1,600 ",16%,0.42,138,"$10,000 ",1,0,"$8,350 ",400
Rolex,278274-0032,1,"$11,500 ","$4,300 ",37%,1.22,112,"$11,500 ",0,0,$0 ,400
Rolex,278274-0022,1,"$9,977 ","$1,977 ",20%,,,"$9,977 ",0,0,$0 ,400
Rolex,278274-0012,1,"$8,000 ",$891 ,11%,0.36,114,"$8,000 ",1,1,"$8,000 ",400
Rolex,278274-0011,1,"$8,000 ",$950 ,12%,0.35,124,"$8,000 ",0,0,$0 ,400
Rolex,278274-0008,1,"$11,000 ","$1,837 ",17%,0.79,77,"$11,000 ",0,0,$0 ,400
Rolex,278240-0001,1,"$7,552 ","$2,052 ",27%,7.08,14,"$7,552 ",0,0,$0 ,400
Rolex,277200-0008,1,"$9,500 ","$2,000 ",21%,,,"$9,500 ",0,0,$0 ,400
Rolex,277200-0005,1,"$10,000 ","$1,600 ",16%,,,"$10,000 ",2,2,"$17,800 ",400
Rolex,268655-0002,1,"$24,987 ","$5,539 ",22%,1.5,54,"$24,987 ",0,0,$0 ,400
Rolex,228345RBR-0006,1,"$66,189 ","$21,089 ",32%,1.85,63,"$66,189 ",0,0,$0 ,400
Rolex,228239-0049,1,"$77,250 ","$9,700 ",13%,,,"$77,250 ",1,1,"$70,000 ",400
Rolex,228239-0005,1,"$55,500 ","$12,408 ",22%,,,"$55,500 ",0,0,$0 ,400
Rolex,228239-0004,1,"$42,500 ","$8,900 ",21%,0.66,116,"$42,500 ",1,0,"$40,700 ",400
Rolex,228239-0001,1,"$43,000 ","$11,749 ",27%,,,"$43,000 ",0,0,$0 ,400
Rolex,228238-0007,1,"$41,000 ","$7,277 ",18%,0.91,71,"$41,000 ",2,1,"$86,650 ",400
Rolex,228238-0006,1,"$38,000 ","$9,104 ",24%,1.2,73,"$38,000 ",0,0,$0 ,400
Rolex,228235-0032,1,"$49,778 ","$11,096 ",22%,,,"$49,778 ",0,0,$0 ,400
Rolex,228206-0044              ,1,"$78,500 ","$11,500 ",15%,1.07,50,"$78,500 ",0,0,$0 ,400
Rolex,228206-0027,1,"$85,000 ","$15,900 ",19%,1.2,57,"$85,000 ",0,0,$0 ,400
Rolex,228206-0002,1,"$77,500 ","$17,187 ",22%,0.98,83,"$77,500 ",1,0,"$62,500 ",400
Rolex,218249 SLV DI SPH PRS,1,"$65,500 ","$16,845 ",26%,0.38,249,"$65,500 ",0,0,$0 ,400
Rolex,218238 CHP IX PRS,1,"$39,450 ",$950 ,2%,,,"$39,450 ",1,0,"$40,000 ",400
Rolex,21823558AB8321           ,1,"$58,950 ","$7,036 ",12%,0.38,114,"$58,950 ",2,1,"$89,495 ",400
Rolex,218235 PNK ROM PRS,1,"$57,750 ","$14,544 ",25%,2.24,41,"$57,750 ",0,0,$0 ,400
Rolex,218235 BLK DI RBY PRS,1,"$67,471 ","$25,509 ",38%,2,69,"$67,471 ",0,0,$0 ,400
Rolex,218206-0043,1,"$75,000 ","$12,400 ",17%,,,"$75,000 ",0,0,$0 ,400
Rolex,19058,1,"$88,962 ","$55,981 ",63%,1.69,136,"$88,962 ",0,0,$0 ,400
Rolex,18388,1,"$39,000 ","$13,219 ",34%,,,"$39,000 ",2,0,"$45,085 ",400
Rolex,18348 ONYX DI PRS,1,"$28,974 ","$10,247 ",35%,1.21,107,"$28,974 ",0,0,$0 ,400
Rolex,18338 LAP DIA PRS,1,"$36,923 ","$8,471 ",23%,0.39,212,"$36,923 ",0,0,$0 ,400
Rolex,1823889XB8385            ,1,"$38,000 ","$11,486 ",30%,1.62,68,"$38,000 ",0,0,$0 ,400
Rolex,18238833B8385            ,1,"$28,974 ","$5,284 ",18%,,,"$28,974 ",0,0,$0 ,400
Rolex,1823882NB8385            ,1,"$19,038 ","$1,391 ",7%,0.11,235,"$19,038 ",2,0,"$35,000 ",400
Rolex,18238 WHT SHN ROM PRS,1,"$22,000 ","$6,764 ",31%,,,"$22,000 ",0,0,$0 ,400
Rolex,18238 CHP MYR IX PRS,1,"$21,500 ","$4,636 ",22%,,,"$21,500 ",0,0,$0 ,400
Rolex,18238 CHP 51DI 10SPH PRS,1,"$24,950 ","$7,445 ",30%,0.79,137,"$24,950 ",1,1,"$20,090 ",400
Rolex,18206 RHO ROM PRES,1,"$29,000 ","$7,454 ",26%,,,"$29,000 ",0,0,$0 ,400
Rolex,18129BIC                 ,1,"$14,200 ",$665 ,5%,1.42,12,"$14,200 ",0,0,$0 ,400
Rolex,18048 SLT MYR ARB PRS,1,"$28,000 ","$6,641 ",24%,,,"$28,000 ",0,0,$0 ,400
Rolex,18039BIC CHP IX PRS,1,"$19,000 ","$3,406 ",18%,2.34,28,"$19,000 ",2,0,"$31,429 ",400
Rolex,18038833B8385            ,1,"$16,410 ","$3,158 ",19%,,,"$16,410 ",0,0,$0 ,400
Rolex,18038830B8385            ,1,"$17,030 ","$3,080 ",18%,0.26,252,"$17,030 ",0,0,$0 ,400
Rolex,18038 MAD IX PRS,1,"$16,575 ",$0 ,0%,0,28,"$16,575 ",0,0,$0 ,400
Rolex,18038 FER ROM PRS,1,"$33,950 ","$12,632 ",37%,0.61,224,"$33,950 ",0,0,$0 ,400
Rolex,18038 BLU JUB PRS,1,"$19,575 ","$4,515 ",23%,,,"$19,575 ",0,0,$0 ,400
Rolex,1803/9,1,"$15,500 ","$3,801 ",25%,0.99,90,"$15,500 ",0,0,$0 ,400
Rolex,1803/8                   ,1,"$9,500 ","$4,038 ",43%,,,"$9,500 ",0,0,$0 ,400
Rolex,1803 GRY IX TG,1,"$8,500 ","$1,595 ",19%,,,"$8,500 ",0,0,$0 ,400
Rolex,1803 CHP IX PRS,1,"$9,500 ","$2,500 ",26%,2.91,33,"$9,500 ",3,0,"$35,000 ",400
Rolex,1803 BLK T&CO PRS,1,"$30,600 ","$4,600 ",15%,,,"$30,600 ",0,0,$0 ,400
Rolex,1803,1,"$6,100 ","$1,100 ",18%,,,"$6,100 ",2,0,"$25,635 ",400
Rolex,179384-0021,1,"$11,450 ","$2,950 ",26%,0.85,111,"$11,450 ",0,0,$0 ,400
Rolex,179384-0010,1,"$9,906 ",$406 ,4%,0.13,113,"$3,302 ",0,0,$0 ,400
Rolex,179383 GLD CRY OYS,1,"$13,235 ","$3,505 ",26%,0.44,222,"$13,235 ",0,0,$0 ,400
Rolex,17917991GB8313           ,1,"$13,000 ","$2,744 ",21%,1.57,49,"$13,000 ",0,0,$0 ,400
Rolex,179179 RHD MYR PRS,1,"$12,000 ","$1,846 ",15%,0.08,668,"$12,000 ",0,0,$0 ,400
Rolex,179179 BLU DI OYS,1,"$11,000 ","$1,319 ",12%,,,"$11,000 ",0,0,$0 ,400
Rolex,179174-0094,1,"$5,605 ","$1,401 ",25%,0.74,123,"$5,605 ",0,0,$0 ,400
Rolex,179174-0092,1,"$6,000 ","$1,549 ",26%,1.33,71,"$6,000 ",4,0,"$17,700 ",400
Rolex,179174-0011,1,"$6,950 ",$947 ,14%,0.56,89,"$6,950 ",1,0,"$5,800 ",400
Rolex,179174-0006,1,"$6,305 ","$2,461 ",39%,,,"$6,305 ",1,0,"$4,850 ",400
Rolex,179174 SLV DI JUB,1,"$6,000 ","$2,000 ",33%,0.91,134,"$6,000 ",2,0,"$9,350 ",400
Rolex,179174 RHD DI JUB,1,"$6,950 ","$1,873 ",27%,0.88,112,"$6,950 ",0,0,$0 ,400
Rolex,179174 PNK ROM OYS,1,"$5,700 ","$1,890 ",33%,0.83,146,"$5,700 ",0,0,$0 ,400
Rolex,179174 PNK DECO JUB,1,"$5,723 ",$436 ,8%,,,"$5,723 ",1,0,"$5,500 ",400
Rolex,17917339UB6313           ,1,"$7,500 ","$1,848 ",25%,,,"$7,500 ",0,0,$0 ,400
Rolex,17917331JB6313           ,1,"$7,150 ","$1,399 ",20%,,,"$7,150 ",2,0,"$11,275 ",400
Rolex,179173-0090,1,"$7,950 ","$2,299 ",29%,,,"$7,950 ",0,0,$0 ,400
Rolex,179173 STL ROM OYS,1,"$6,488 ","$1,018 ",16%,0.58,98,"$6,488 ",0,0,$0 ,400
Rolex,179173 MTR DI JUB,1,"$9,282 ","$1,910 ",21%,0.76,99,"$9,282 ",0,0,$0 ,400
Rolex,179173 BLU GRD OYS,1,"$8,500 ","$2,243 ",26%,,,"$8,500 ",0,0,$0 ,400
Rolex,179173 BLK MOP ROM JUB,1,"$7,000 ","$1,400 ",20%,0.67,109,"$7,000 ",0,0,$0 ,400
Rolex,179173 BLK JUB DI JUB,1,"$7,000 ","$1,425 ",20%,0.66,112,"$7,000 ",0,0,$0 ,400
Rolex,179173,1,"$9,500 ","$2,300 ",24%,1.45,61,"$9,500 ",2,0,"$10,900 ",400
Rolex,179171180B7213           ,1,"$7,000 ",$421 ,6%,0.17,132,"$7,000 ",0,0,$0 ,400
Rolex,179171-0018,1,"$7,275 ",$762 ,10%,0.38,100,"$7,275 ",0,0,$0 ,400
Rolex,179171 WHT ROM JUB,1,"$6,600 ","$1,216 ",18%,,,"$6,600 ",0,0,$0 ,400
Rolex,179171 PNK ROM JUB,1,"$9,627 ","$3,464 ",36%,,,"$9,627 ",2,0,"$13,100 ",400
Rolex,179171 MOP ROM JUB,1,"$7,521 ","$1,676 ",22%,0.46,178,"$7,521 ",0,0,$0 ,400
Rolex,179163-0060,1,"$6,072 ","$1,572 ",26%,0.47,199,"$6,072 ",0,0,$0 ,400
Rolex,179160-0033,1,"$5,995 ","$2,436 ",41%,,,"$5,995 ",0,0,$0 ,400
Rolex,179160-0008,1,"$5,000 ",$972 ,19%,,,"$5,000 ",3,0,"$11,800 ",400
Rolex,179160 WHT ROM OYS,1,"$4,578 ","$1,313 ",29%,1.66,63,"$4,578 ",0,0,$0 ,400
Rolex,179160 PNK IX OYS,1,"$6,231 ","$2,844 ",46%,2.14,78,"$2,077 ",1,0,"$4,200 ",400
Rolex,179159 SLV JUB PRS,1,"$17,257 ","$3,416 ",20%,0.24,295,"$17,257 ",0,0,$0 ,400
Rolex,179138 MOP RUBY PRS,1,"$20,950 ","$6,345 ",30%,,,"$20,950 ",0,0,$0 ,400
Rolex,179138 CHP MYR PRS,1,"$17,039 ","$2,126 ",12%,0.12,369,"$17,039 ",0,0,$0 ,400
Rolex,17913666WB8313           ,1,"$27,345 ","$8,967 ",33%,2.1,57,"$27,345 ",0,0,$0 ,400
Rolex,178383-0040,1,"$13,500 ","$3,249 ",24%,0.82,107,"$13,500 ",0,0,$0 ,400
Rolex,178343-0011,1,"$12,500 ","$3,897 ",31%,,,"$12,500 ",0,0,$0 ,400
Rolex,178343-0003,1,"$13,105 ","$4,519 ",34%,1.2,105,"$13,105 ",0,0,$0 ,400
Rolex,178341-0008,1,"$11,003 ","$2,903 ",26%,0.92,105,"$11,003 ",0,0,$0 ,400
Rolex,178278-0021,1,"$21,000 ","$1,500 ",7%,,,"$21,000 ",0,0,$0 ,400
Rolex,178274-0090,1,"$7,995 ","$1,328 ",17%,0.71,85,"$7,995 ",0,0,$0 ,400
Rolex,178274-0085,1,"$9,950 ","$3,324 ",33%,0.71,171,"$3,317 ",0,0,$0 ,400
Rolex,178274-0082,1,"$7,800 ","$2,695 ",35%,,,"$7,800 ",1,0,"$6,100 ",400
Rolex,178274-0077,1,"$8,240 ","$1,697 ",21%,0.77,97,"$8,240 ",0,0,$0 ,400
Rolex,178274-0071,1,"$8,450 ","$1,873 ",22%,,,"$8,450 ",1,0,"$7,700 ",400
Rolex,178274-0024,1,"$7,250 ","$1,273 ",18%,0.18,358,"$7,250 ",0,0,$0 ,400
Rolex,178274 BLK MOP ROM JUB,1,"$9,000 ","$2,657 ",30%,1.09,99,"$9,000 ",0,0,$0 ,400
Rolex,178273-0088,1,"$11,150 ","$3,618 ",32%,1.5,79,"$11,150 ",0,0,$0 ,400
Rolex,178273-0087,1,"$11,330 ","$3,217 ",28%,,,"$11,330 ",0,0,$0 ,400
Rolex,178273-0083,1,"$13,000 ","$2,749 ",21%,0.53,145,"$13,000 ",0,0,$0 ,400
Rolex,178273-0002,1,"$10,000 ","$2,372 ",24%,1.77,49,"$10,000 ",0,0,$0 ,400
Rolex,178273,1,"$10,432 ","$3,833 ",37%,1.74,77,"$10,432 ",1,0,"$9,800 ",400
Rolex,178271-0068,1,"$10,000 ","$1,337 ",13%,,,"$10,000 ",2,0,"$18,175 ",400
Rolex,178271-0067,1,"$11,001 ","$2,005 ",18%,,,"$11,001 ",2,0,"$17,350 ",400
Rolex,178271-0065,1,"$8,800 ","$2,049 ",23%,1.49,57,"$8,800 ",2,0,"$19,350 ",400
Rolex,178271-0060,1,"$13,624 ","$5,212 ",38%,,,"$13,624 ",0,0,$0 ,400
Rolex,178271-0034,1,"$12,240 ","$2,783 ",23%,,,"$12,240 ",1,0,"$10,150 ",400
Rolex,178271-0012,1,"$11,083 ","$1,843 ",17%,,,"$11,083 ",0,0,$0 ,400
Rolex,178241-0062,1,"$9,785 ","$3,874 ",40%,3.14,46,"$9,785 ",0,0,$0 ,400
Rolex,178240-0031,1,"$6,000 ",$500 ,8%,0.18,165,"$6,000 ",5,0,"$27,450 ",400
Rolex,178240-0025,1,"$7,200 ","$1,265 ",18%,0.28,230,"$7,200 ",3,0,"$17,650 ",400
Rolex,178240-0023,1,"$8,771 ","$2,951 ",34%,,,"$8,771 ",4,0,"$23,350 ",400
Rolex,178240-0006,1,"$6,950 ",$910 ,13%,0.24,199,"$6,950 ",4,1,"$22,250 ",400
Rolex,178240 SLV CON OYS,1,"$5,800 ",$501 ,9%,,,"$5,800 ",1,1,"$5,608 ",400
Rolex,177200A38B7016           ,1,"$4,980 ","$1,085 ",22%,,,"$4,980 ",0,0,$0 ,400
Rolex,177200-0018,1,"$6,538 ","$1,885 ",29%,0.88,120,"$6,538 ",0,0,$0 ,400
Rolex,177200-0015,1,"$5,501 ","$1,959 ",36%,2.83,46,"$5,501 ",2,0,"$10,250 ",400
Rolex,17623445CB7013           ,1,"$3,300 ","$1,801 ",55%,,,"$3,300 ",0,0,$0 ,400
Rolex,176234 SLV CON OYS,1,"$4,086 ","$1,144 ",28%,0.32,320,"$4,086 ",0,0,$0 ,400
Rolex,176200-0017,1,"$5,644 ","$2,413 ",43%,,,"$5,644 ",0,0,$0 ,400
Rolex,176200-0011,1,"$4,450 ","$1,350 ",30%,,,"$4,450 ",1,0,"$3,300 ",400
Rolex,176200-0004,1,"$4,000 ",$900 ,23%,,,"$4,000 ",2,0,"$6,800 ",400
Rolex,176200 SLV BLU OYS,1,"$3,300 ",$553 ,17%,,,"$3,300 ",0,0,$0 ,400
Rolex,17013 WHT ROM BRC,1,"$5,501 ","$1,393 ",25%,1.54,60,"$5,501 ",1,0,"$5,200 ",400
Rolex,17013 WHT BLK ROM OYS,1,"$5,900 ","$1,000 ",17%,0.4,155,"$5,900 ",0,0,$0 ,400
Rolex,17013 CHP IX BRC,1,"$5,507 ",($725),-13%,-0.18,269,"$5,507 ",9,6,"$32,671 ",400
Rolex,17013,1,"$6,500 ","($3,115)",-48%,,,"$6,500 ",1,0,"$4,000 ",400
Rolex,17000,1,"$4,687 ",$109 ,2%,0.04,217,"$4,687 ",3,0,"$13,750 ",400
Rolex,169623 BMOP OYS,1,"$9,200 ","$3,589 ",39%,1.41,101,"$9,200 ",0,0,$0 ,400
Rolex,169622-7873,1,"$7,585 ",$581 ,8%,0.34,82,"$1,517 ",5,1,"$23,299 ",400
Rolex,168623320B7875           ,1,"$8,950 ","$2,407 ",27%,0.91,108,"$2,983 ",0,0,$0 ,400
Rolex,168623-0018,1,"$10,500 ",$377 ,4%,,,"$10,500 ",1,0,"$9,250 ",400
Rolex,168623-0016,1,"$8,000 ","$1,963 ",25%,,,"$8,000 ",3,0,"$19,871 ",400
Rolex,168623 BLU IX OYS,1,"$8,753 ","$1,940 ",22%,1.4,58,"$8,753 ",0,0,$0 ,400
Rolex,16803,1,"$9,270 ","$1,337 ",14%,,,"$9,270 ",0,0,$0 ,400
Rolex,16760,1,"$13,196 ","$3,964 ",30%,1.32,83,"$13,196 ",1,0,"$8,375 ",400
Rolex,16758,1,"$35,000 ","$7,459 ",21%,,,"$35,000 ",3,2,"$76,520 ",400
Rolex,16753 BLK GLD JUB,1,"$13,961 ","$6,083 ",44%,0.7,227,"$13,961 ",1,0,"$9,500 ",400
Rolex,16750N30B6251            ,1,"$13,000 ","$3,500 ",27%,,,"$13,000 ",0,0,$0 ,400
Rolex,1675 BLK PEP TG,1,"$11,200 ","$2,557 ",23%,0.95,87,"$3,733 ",1,0,"$14,841 ",400
Rolex,1675 BLK OYS,1,"$14,500 ","$1,614 ",11%,0.41,98,"$14,500 ",1,1,"$9,387 ",400
Rolex,16713 BRW ROOT OYS,1,"$15,000 ","$5,813 ",39%,1.15,123,"$15,000 ",0,0,$0 ,400
Rolex,16700 BLK OYS,1,"$13,900 ","$4,149 ",30%,,,"$13,900 ",1,1,"$9,583 ",400
Rolex,16623-0009,1,"$13,000 ","$3,789 ",29%,1.24,86,"$13,000 ",0,0,$0 ,400
Rolex,16623 BLK MOP OYS,1,"$14,500 ","$5,384 ",37%,0.86,157,"$14,500 ",0,0,$0 ,400
Rolex,16618830B9325            ,1,"$24,150 ","$1,150 ",5%,1.34,13,"$24,150 ",1,0,"$21,075 ",400
Rolex,16618 SLT SRT OYS,1,"$33,500 ","$8,425 ",25%,,,"$33,500 ",0,0,$0 ,400
Rolex,16618 BLU DOT OYS,1,"$35,408 ","$13,908 ",39%,,,"$35,408 ",3,1,"$83,000 ",400
Rolex,16618,1,"$16,300 ","$1,172 ",7%,,,"$16,300 ",1,0,"$22,000 ",400
Rolex,16600A30B9316            ,1,"$10,600 ",($742),-7%,-0.03,937,"$10,600 ",0,0,$0 ,400
Rolex,16550 WHT IX OYS,1,"$16,000 ","$6,511 ",41%,1.44,103,"$16,000 ",1,1,"$6,500 ",400
Rolex,16528 BLK DI OYS,1,"$47,500 ","$7,807 ",16%,,,"$47,500 ",0,0,$0 ,400
Rolex,16523 WHT DI OYS,1,"$13,900 ",$900 ,6%,0.16,147,"$13,900 ",1,1,"$18,561 ",400
Rolex,16523 BLK IX OYS,1,"$20,571 ","$7,321 ",36%,,,"$20,571 ",2,0,"$27,500 ",400
Rolex,16520 BLK IX OYS,1,"$31,014 ","$6,925 ",22%,0.54,152,"$31,014 ",2,2,"$55,692 ",400
Rolex,16519 PNK DIA DB,1,"$29,650 ","$3,516 ",12%,0.32,135,"$29,650 ",1,0,"$29,000 ",400
Rolex,16518857STO70            ,1,"$34,000 ","$10,368 ",30%,0.57,195,"$34,000 ",0,0,$0 ,400
Rolex,1630 CHP IX JUB,1,"$7,200 ","$1,600 ",22%,0.21,390,"$2,400 ",1,0,"$6,500 ",400
Rolex,16264430B7836            ,1,"$6,695 ","$1,538 ",23%,,,"$6,695 ",1,0,"$5,900 ",400
Rolex,16263360B6252            ,1,"$7,000 ","$1,890 ",27%,0.82,120,"$7,000 ",0,0,$0 ,400
Rolex,16263 WHT ROM OYS,1,"$6,750 ","$1,542 ",23%,1.32,63,"$6,750 ",0,0,$0 ,400
Rolex,16263 WHT ROM DIA OYS,1,"$7,622 ","$1,201 ",16%,0.22,267,"$7,622 ",0,0,$0 ,400
Rolex,16263 WHT IX OYS,1,"$6,600 ","$1,151 ",17%,1.25,51,"$6,600 ",0,0,$0 ,400
Rolex,1625 SLV IX JUB,1,"$4,300 ","$1,300 ",30%,,,"$4,300 ",0,0,$0 ,400
Rolex,16248,1,"$6,250 ","$2,250 ",36%,,,"$6,250 ",0,0,$0 ,400
Rolex,1623448IB6251            ,1,"$17,950 ","$9,199 ",51%,,,"$17,950 ",0,0,$0 ,400
Rolex,16234418B7836            ,1,"$6,500 ","$2,116 ",33%,1.72,69,"$6,500 ",0,0,$0 ,400
Rolex,16234 WHT THIN ROM JUB,1,"$5,941 ",$788 ,13%,0.41,118,"$5,941 ",5,1,"$24,462 ",400
Rolex,16234 WHT IX JUB,1,"$6,250 ","$1,054 ",17%,1.26,49,"$6,250 ",1,0,"$4,800 ",400
Rolex,16234 SLV JUB DI JUB,1,"$7,500 ","$1,457 ",19%,,,"$7,500 ",2,0,"$11,420 ",400
Rolex,16234 MOP JUB AR JUB,1,"$5,500 ",$841 ,15%,0.22,254,"$5,500 ",0,0,$0 ,400
Rolex,16233323B7836            ,1,"$7,500 ","$2,160 ",29%,1.14,92,"$7,500 ",0,0,$0 ,400
Rolex,1623331JB6252            ,1,"$8,286 ","$2,772 ",33%,,,"$8,286 ",2,1,"$12,196 ",400
Rolex,16233 WHT ROM JUB,1,"$5,400 ",$200 ,4%,0.13,104,"$5,400 ",16,3,"$91,392 ",400
Rolex,16233 WHT ROM DI JUB,1,"$8,000 ","$2,249 ",28%,,,"$8,000 ",7,0,"$41,550 ",400
Rolex,16233 WHT IX JUB,1,"$6,700 ","$1,605 ",24%,0.46,191,"$2,233 ",1,0,"$6,100 ",400
Rolex,16233 WHT DI JUB,1,"$7,100 ",$571 ,8%,,,"$7,100 ",1,0,"$6,450 ",400
Rolex,16233 STL DI JUB,1,"$7,440 ","$1,469 ",20%,,,"$7,440 ",1,0,"$6,500 ",400
Rolex,16233 SMALL WHT ROM JUB,1,"$7,450 ","$1,834 ",25%,0.82,110,"$7,450 ",8,0,"$46,237 ",400
Rolex,16233 SLV IX JUB,1,"$6,950 ","$1,488 ",21%,1.59,49,"$6,950 ",1,0,"$6,300 ",400
Rolex,16233 SLT JUB DI JUB,1,"$6,700 ","$1,573 ",23%,0.54,160,"$6,700 ",0,0,$0 ,400
Rolex,16233 GLD TP JUB,1,"$7,970 ","$2,811 ",35%,1.33,97,"$7,970 ",1,0,"$6,300 ",400
Rolex,16233 CHP SM ROM JUB,1,"$6,500 ",$853 ,13%,0.48,99,"$6,500 ",0,0,$0 ,400
Rolex,16233 CHP ROM JUB,1,"$7,950 ","$2,117 ",27%,,,"$7,950 ",0,0,$0 ,400
Rolex,16233 CHP MOS JUB,1,"$7,400 ","$2,255 ",30%,,,"$7,400 ",0,0,$0 ,400
Rolex,16233 CHP JUB DIA JUB,1,"$8,500 ","$1,969 ",23%,0.31,272,"$8,500 ",6,0,"$38,200 ",400
Rolex,16233 BLK TAP JUB,1,"$3,950 ","$1,150 ",29%,3.04,35,"$1,317 ",3,0,"$16,300 ",400
Rolex,16233 BLK IX JUB,1,"$7,439 ","$1,484 ",20%,,,"$7,439 ",6,1,"$33,950 ",400
Rolex,16233 BLK DIA JUB,1,"$4,700 ",$700 ,15%,,,"$4,700 ",4,0,"$25,000 ",400
Rolex,16220A83B7836            ,1,"$6,500 ","$1,807 ",28%,,,"$6,500 ",1,0,"$4,693 ",400
Rolex,16220A18B6251            ,1,"$5,500 ","$1,368 ",25%,,,"$5,500 ",0,0,$0 ,400
Rolex,16220 SLV TAP OYS,1,"$5,941 ","$2,367 ",40%,1.4,104,"$5,941 ",0,0,$0 ,400
Rolex,16220 RHD ROM JUB,1,"$5,559 ","$1,772 ",32%,1.34,87,"$5,559 ",0,0,$0 ,400
Rolex,16220 BLU IX JUB,1,"$5,559 ",$659 ,12%,0.7,62,"$5,559 ",1,1,"$4,800 ",400
Rolex,16200 WHT ROM JUB,1,"$6,650 ","$1,144 ",17%,,,"$6,650 ",0,0,$0 ,400
Rolex,16200 RHD ROM OYS,1,"$4,700 ",$300 ,6%,0.38,62,"$4,700 ",4,1,"$20,153 ",400
Rolex,16200 BLU IX OYS,1,"$6,630 ","$2,070 ",31%,,,"$6,630 ",0,0,$0 ,400
Rolex,16030 SLV IX JUB,1,"$6,180 ","$1,620 ",26%,1.13,85,"$6,180 ",2,0,"$9,250 ",400
Rolex,16030 BLK IX JUB,1,"$4,725 ","$1,224 ",26%,1.01,94,$945 ,0,0,$0 ,400
Rolex,1603 SLV IX JUB,1,"$4,650 ",$403 ,9%,0.2,158,"$4,650 ",0,0,$0 ,400
Rolex,1603 SLT IX JUB,1,"$4,950 ","$2,265 ",46%,1.84,91,"$4,950 ",0,0,$0 ,400
Rolex,1603,1,"$4,006 ",$406 ,10%,3.7,10,"$4,006 ",2,0,"$7,300 ",400
Rolex,16018 SLV IX JUB,1,"$15,000 ","$3,378 ",23%,,,"$15,000 ",0,0,$0 ,400
Rolex,16014410B6251            ,1,"$6,218 ","$1,679 ",27%,,,"$6,218 ",1,0,"$4,350 ",400
Rolex,16014 SLV TAP IX JUB,1,"$4,500 ","$1,553 ",35%,1.3,97,"$4,500 ",0,0,$0 ,400
Rolex,16014 SLV IX JUB,1,"$5,800 ",$893 ,15%,0.66,85,"$1,933 ",1,0,"$3,205 ",400
Rolex,16014 BLU ROM JUB,1,"$6,700 ","$2,624 ",39%,1.39,103,"$6,700 ",0,0,$0 ,400
Rolex,16013381,1,"$6,500 ","$2,323 ",36%,1.4,93,"$6,500 ",0,0,$0 ,400
Rolex,16013330B6252            ,1,"$3,500 ",$880 ,25%,,,"$3,500 ",2,0,"$9,449 ",400
Rolex,16013 WHT ROM TB,1,"$5,950 ","$1,956 ",33%,,,"$5,950 ",0,0,$0 ,400
Rolex,16013 WHT ROM JUB,1,"$6,450 ","$1,924 ",30%,1.6,68,"$6,450 ",3,0,"$15,250 ",400
Rolex,16013 WHT DI JUB,1,"$4,500 ",$500 ,11%,2.53,16,"$4,500 ",0,0,$0 ,400
Rolex,16013 CHP TAP IX JUB,1,"$6,600 ","$2,148 ",33%,,,"$6,600 ",2,0,"$9,850 ",400
Rolex,16013 CHP MOS JUB,1,"$4,000 ","$2,084 ",52%,5.28,36,"$4,000 ",0,0,$0 ,400
Rolex,16013 CHP JUB IX JUB,1,"$6,750 ","$1,614 ",24%,0.75,116,"$6,750 ",0,0,$0 ,400
Rolex,16013 CHP HND JUB,1,"$4,500 ",$400 ,9%,0.4,81,"$4,500 ",0,0,$0 ,400
Rolex,16013 BLK TAP IX JUB,1,"$5,550 ","$1,685 ",30%,1.73,64,"$5,550 ",0,0,$0 ,400
Rolex,16013,1,"$7,950 ","$3,675 ",46%,,,"$7,950 ",5,1,"$23,222 ",400
Rolex,1601 SLV LIN TB,1,"$4,850 ","$1,639 ",34%,0.91,136,"$4,850 ",0,0,$0 ,400
Rolex,1601 SLV IX TG,1,"$3,700 ","$1,913 ",52%,2.42,78,"$3,700 ",0,0,$0 ,400
Rolex,1601 SLV IX JUB,1,"$4,702 ","$1,158 ",25%,,,"$4,702 ",0,0,$0 ,400
Rolex,1601 CHP IX TB,1,"$7,000 ","$1,434 ",20%,0.89,84,"$7,000 ",0,0,$0 ,400
Rolex,1601 BLU IX JUB,1,"$3,600 ",$300 ,8%,,,"$3,600 ",1,0,"$13,800 ",400
Rolex,1601,1,"$4,963 ",$393 ,8%,0.28,103,"$4,963 ",5,0,"$20,990 ",400
Rolex,1600,1,"$2,700 ","$1,100 ",41%,,,"$2,700 ",0,0,$0 ,400
Rolex,1530 CHP IX OYS,1,"$8,950 ","$2,105 ",24%,0.34,250,"$8,950 ",0,0,$0 ,400
Rolex,15238 SLV IX OYS,1,"$11,500 ","$3,337 ",29%,,,"$11,500 ",0,0,$0 ,400
Rolex,15238 CHP IX OYS,1,"$12,250 ","$2,955 ",24%,,,"$12,250 ",0,0,$0 ,400
Rolex,15210 WHT ROM OYS,1,"$4,500 ","$1,395 ",31%,1.59,71,"$4,500 ",1,0,"$3,550 ",400
Rolex,15210 WHT AR IX OYS,1,"$4,500 ","$1,604 ",36%,1.76,74,"$4,500 ",0,0,$0 ,400
Rolex,15210 BLK IX OYS,1,"$3,761 ",$546 ,15%,0.42,125,"$1,254 ",2,0,"$6,498 ",400
Rolex,15210,1,"$4,708 ","$1,407 ",30%,,,"$4,708 ",1,0,"$3,700 ",400
Rolex,15203,1,"$2,250 ",$750 ,33%,8.69,14,"$2,250 ",0,0,$0 ,400
Rolex,1503 SLV IX OYS,1,"$19,195 ","$1,695 ",9%,,,"$19,195 ",0,0,$0 ,400
Rolex,15000A10B7835            ,1,"$3,100 ",$250 ,8%,,,"$3,100 ",1,0,"$2,900 ",400
Rolex,1500 SLV IX OYS,1,"$2,500 ","$1,000 ",40%,24.33,6,"$2,500 ",5,0,"$11,412 ",400
Rolex,1500,1,"$2,250 ","$1,250 ",56%,6.08,33,$750 ,2,1,"$6,717 ",400
Rolex,14010M                   ,1,"$5,000 ","$1,541 ",31%,0.86,131,"$1,667 ",1,0,"$3,200 ",400
Rolex,14010 SLV IX OYS,1,"$4,251 ","$1,201 ",28%,,,"$4,251 ",1,0,"$3,500 ",400
Rolex,14010 BLU IA OYS,1,"$4,500 ",$950 ,21%,2.03,38,"$4,500 ",0,0,$0 ,400
Rolex,14000 WHT ROM OYS,1,"$4,500 ","$1,526 ",34%,,,"$4,500 ",2,0,"$6,200 ",400
Rolex,14000 SLV IX OYS,1,"$2,900 ",$400 ,14%,,,"$2,900 ",3,0,"$11,900 ",400
Rolex,128348RBR-0030,1,"$82,000 ","$17,000 ",21%,25.22,3,"$82,000 ",0,0,$0 ,400
Rolex,128348RBR-0008,1,"$49,950 ","$12,875 ",26%,0.32,293,"$49,950 ",0,0,$0 ,400
Rolex,128345RBR-0009,1,"$49,495 ","$14,141 ",29%,,,"$49,495 ",0,0,$0 ,400
Rolex,128238-0069,1,"$46,026 ","$5,769 ",13%,,,"$46,026 ",0,0,$0 ,400
Rolex,128238-0048              ,1,"$95,000 ","$25,000 ",26%,2.91,33,"$95,000 ",0,0,$0 ,400
Rolex,128235-0041              ,1,"$59,000 ","$8,000 ",14%,0.28,177,"$59,000 ",3,3,"$158,124 ",400
Rolex,128235-0037,1,"$43,500 ","$11,513 ",26%,1.61,60,"$43,500 ",0,0,$0 ,400
Rolex,126720VTNR-0001          ,1,"$36,483 ","$8,483 ",23%,,,"$36,483 ",0,0,$0 ,400
Rolex,126621-0001,1,"$16,000 ","$3,699 ",23%,,,"$16,000 ",2,1,"$29,000 ",400
Rolex,126618LB-0002,1,"$42,000 ","$12,900 ",31%,1.21,93,"$42,000 ",1,1,"$42,075 ",400
Rolex,126334-0022,1,"$16,026 ","$4,110 ",26%,,,"$16,026 ",5,2,"$50,750 ",400
Rolex,126334-0019,1,"$15,518 ","$3,518 ",23%,1.05,79,"$15,518 ",2,0,"$25,783 ",400
Rolex,126334-0011,1,"$13,635 ","$2,813 ",21%,0.57,133,"$13,635 ",1,0,"$9,430 ",400
Rolex,126334-0009,1,"$11,000 ","$1,658 ",15%,,,"$11,000 ",1,1,"$7,600 ",400
Rolex,126333-0016,1,"$15,000 ","$3,400 ",23%,2.43,34,"$15,000 ",1,0,"$12,300 ",400
Rolex,126333-0015,1,"$14,000 ","$1,425 ",10%,0.64,58,"$14,000 ",0,0,$0 ,400
Rolex,126333-0009,1,"$15,300 ","$3,546 ",23%,,,"$15,300 ",4,1,"$48,106 ",400
Rolex,126333-0002,1,"$15,950 ","$4,844 ",30%,,,"$15,950 ",4,0,"$54,850 ",400
Rolex,126331-0009,1,"$14,200 ","$2,600 ",18%,,,"$14,200 ",2,1,"$23,672 ",400
Rolex,126331-0001,1,"$14,856 ","$3,843 ",26%,1.21,78,"$14,856 ",5,0,"$64,300 ",400
Rolex,126303-0020,1,"$16,174 ","$3,010 ",19%,,,"$16,174 ",0,0,$0 ,400
Rolex,126303-0001,1,"$14,013 ","$2,763 ",20%,,,"$14,013 ",1,0,"$12,300 ",400
Rolex,126300-0016,1,"$9,500 ","$1,837 ",19%,2.52,28,"$9,500 ",1,0,"$9,700 ",400
Rolex,126300-0015,1,"$11,003 ","$2,003 ",18%,,,"$11,003 ",4,2,"$34,487 ",400
Rolex,126300-0006,1,"$11,538 ","$2,384 ",21%,,,"$11,538 ",4,0,"$38,200 ",400
Rolex,126284RBR-0039           ,1,"$18,500 ","$3,000 ",16%,,,"$18,500 ",0,0,$0 ,400
Rolex,126284RBR-0016,1,"$13,450 ","$2,627 ",20%,,,"$13,450 ",0,0,$0 ,400
Rolex,126283RBR-0023           ,1,"$20,085 ","$3,573 ",18%,,,"$20,085 ",0,0,$0 ,400
Rolex,126234-0049,1,"$13,987 ","$4,987 ",36%,3.72,35,"$13,987 ",2,1,"$21,075 ",400
Rolex,126234-0048,1,"$14,250 ","$3,583 ",25%,0.76,120,"$4,750 ",0,0,$0 ,400
Rolex,126234-0038,1,"$12,950 ","$3,375 ",26%,,,"$12,950 ",1,0,"$10,500 ",400
Rolex,126234-0029,1,"$10,250 ","$2,250 ",22%,2.43,33,"$10,250 ",0,0,$0 ,400
Rolex,126234-0027,1,"$11,782 ","$2,679 ",23%,,,"$11,782 ",0,0,$0 ,400
Rolex,126234-0025,1,"$9,264 ","$1,963 ",21%,0.95,81,"$9,264 ",1,0,"$8,000 ",400
Rolex,126234-0019,1,"$15,000 ","$3,846 ",26%,,,"$15,000 ",0,0,$0 ,400
Rolex,126234-0018,1,"$9,400 ","$1,825 ",19%,0.91,78,"$9,400 ",0,0,$0 ,400
Rolex,126233-0039,1,"$15,998 ","$2,974 ",19%,,,"$15,998 ",1,1,"$12,550 ",400
Rolex,126233-0037,1,"$15,270 ","$2,477 ",16%,,,"$15,270 ",0,0,$0 ,400
Rolex,126233-0031,1,"$14,200 ",$982 ,7%,0.31,82,"$14,200 ",0,0,$0 ,400
Rolex,126233-0030,1,"$12,000 ","$4,130 ",34%,0.82,154,"$12,000 ",1,0,"$10,100 ",400
Rolex,126233-0027,1,"$14,533 ","$3,323 ",23%,,,"$14,533 ",1,0,"$12,000 ",400
Rolex,126233-0019,1,"$11,700 ","$1,700 ",15%,,0,"$11,700 ",0,0,$0 ,400
Rolex,126231-0031,1,"$15,000 ","$3,281 ",22%,,,"$15,000 ",0,0,$0 ,400
Rolex,126231-0021,1,"$16,513 ","$3,031 ",18%,,,"$16,513 ",0,0,$0 ,400
Rolex,126231-0020,1,"$12,975 ","$3,778 ",29%,0.86,123,"$12,975 ",0,0,$0 ,400
Rolex,126231-0015,1,"$11,800 ","$3,608 ",31%,0.78,143,"$11,800 ",0,0,$0 ,400
Rolex,126201-0016,1,"$10,500 ","$1,508 ",14%,0.46,115,"$10,500 ",0,0,$0 ,400
Rolex,126200-0022              ,1,"$10,500 ","$2,500 ",24%,,,"$10,500 ",0,0,$0 ,400
Rolex,126200-0019              ,1,"$14,506 ","$2,343 ",16%,,,"$14,506 ",0,0,$0 ,400
Rolex,126200-0008,1,"$8,950 ","$2,350 ",26%,,,"$8,950 ",1,0,"$6,850 ",400
Rolex,126200-0004,1,"$8,925 ","$3,099 ",35%,2.12,60,"$2,975 ",3,1,"$20,899 ",400
Rolex,126000-0007,1,"$10,800 ","$2,225 ",21%,,,"$10,800 ",0,0,$0 ,400
Rolex,126000-0003,1,"$8,564 ","$2,297 ",27%,3.16,31,"$8,564 ",0,0,$0 ,400
Rolex,124200-0004,1,"$7,100 ","$1,632 ",23%,,,"$7,100 ",0,0,$0 ,400
Rolex,124200-0003,1,"$6,250 ",$790 ,13%,0.2,230,"$2,083 ",1,0,"$5,000 ",400
Rolex,124200-0002,1,"$6,000 ",$900 ,15%,0.22,251,"$6,000 ",3,1,"$15,300 ",400
Rolex,118395 FER DI OYS,1,"$54,000 ","$10,000 ",19%,0.24,283,"$54,000 ",0,0,$0 ,400
Rolex,118348-0054,1,"$48,500 ","$14,746 ",30%,0.79,141,"$48,500 ",0,0,$0 ,400
Rolex,118348-0027,1,"$38,500 ","$5,724 ",15%,0.44,122,"$38,500 ",0,0,$0 ,400
Rolex,118348-0018,1,"$38,750 ","$6,200 ",16%,,,"$38,750 ",2,1,"$56,869 ",400
Rolex,118346-0024,1,"$52,991 ","$15,491 ",29%,1.72,62,"$52,991 ",0,0,$0 ,400
Rolex,118239986B8320           ,1,"$36,000 ","$10,925 ",30%,,,"$36,000 ",0,0,$0 ,400
Rolex,118239-0082,1,"$20,000 ","$1,700 ",8%,0.21,151,"$20,000 ",2,0,"$38,500 ",400
Rolex,118239-0078,1,"$26,150 ","$9,733 ",37%,0.54,252,"$26,150 ",0,0,$0 ,400
Rolex,118238-0122,1,"$29,500 ","$9,300 ",32%,,,"$29,500 ",2,0,"$46,500 ",400
Rolex,118238-0067,1,"$25,000 ","$3,459 ",14%,,,"$25,000 ",1,0,"$22,000 ",400
Rolex,118238 CHP MYR PRS,1,"$25,950 ","$3,950 ",15%,,,"$25,950 ",0,0,$0 ,400
Rolex,118238,1,"$28,000 ","$5,163 ",18%,0.53,126,"$28,000 ",2,0,"$46,000 ",400
Rolex,118235F-0029,1,"$32,000 ","$6,334 ",20%,,,"$32,000 ",3,0,"$76,500 ",400
Rolex,118235 BLK ARB PRS,1,"$25,000 ","$4,089 ",16%,0.45,132,"$25,000 ",0,0,$0 ,400
Rolex,118208 IVRY JUB OYS,1,"$25,500 ","$2,749 ",11%,0.34,117,"$25,500 ",0,0,$0 ,400
Rolex,118206-0040,1,"$34,170 ","$10,170 ",30%,0.47,230,"$11,390 ",0,0,$0 ,400
Rolex,118206 MOP OXF PRS,1,"$42,000 ","$9,705 ",23%,0.27,310,"$8,400 ",0,0,$0 ,400
Rolex,118206 ICE WAV AR PRS,1,"$40,000 ","$9,210 ",23%,,,"$40,000 ",0,0,$0 ,400
Rolex,118206,1,"$37,500 ","$12,644 ",34%,0.62,198,"$37,500 ",0,0,$0 ,400
Rolex,118205F-0116,1,"$34,774 ","$10,175 ",29%,,,"$34,774 ",0,0,$0 ,400
Rolex,118205F-0114,1,"$38,629 ","$8,529 ",22%,,,"$38,629 ",0,0,$0 ,400
Rolex,118205F-0061,1,"$25,614 ","$5,822 ",23%,0.63,132,"$8,538 ",0,0,$0 ,400
Rolex,118205583B7320           ,1,"$27,564 ","$4,487 ",16%,19.81,3,"$27,564 ",0,0,$0 ,400
Rolex,118205537B7385           ,1,"$27,500 ","$5,004 ",18%,,,"$27,500 ",1,0,"$22,000 ",400
Rolex,118139-0060,1,"$17,500 ","$3,000 ",17%,5.21,12,"$17,500 ",0,0,$0 ,400
Rolex,116759SARU BLK OYS,1,"$84,497 ","$18,220 ",22%,0.27,294,"$84,497 ",0,0,$0 ,400
Rolex,116759SANR BLK OYS,1,"$84,500 ","$23,133 ",27%,,,"$84,500 ",1,1,"$83,000 ",400
Rolex,116759SA,1,"$98,000 ","$18,000 ",18%,,,"$98,000 ",0,0,$0 ,400
Rolex,116758SARU               ,1,"$96,154 ","$23,659 ",25%,,,"$96,154 ",0,0,$0 ,400
Rolex,116758SANR BLK OYS,1,"$86,393 ","$15,826 ",18%,,,"$86,393 ",1,0,"$88,000 ",400
Rolex,116719BLRO-0002,1,"$55,000 ","$17,275 ",31%,,,"$55,000 ",0,0,$0 ,400
Rolex,116689-0002,1,"$41,225 ","$11,032 ",27%,1.21,81,"$13,742 ",4,3,"$102,267 ",400
Rolex,116621-0001,1,"$15,000 ","$4,550 ",30%,5.54,20,"$5,000 ",0,0,$0 ,400
Rolex,116619LB-0002,1,"$47,500 ","$14,500 ",31%,1.74,64,"$47,500 ",0,0,$0 ,400
Rolex,116618LN-0001,1,"$36,500 ","$5,000 ",14%,1.28,39,"$36,500 ",3,1,"$101,439 ",400
Rolex,116599RBR PAVE,1,"$82,000 ","$19,653 ",24%,,,"$82,000 ",0,0,$0 ,400
Rolex,116599RBR,1,"$95,000 ","$23,153 ",24%,,,"$95,000 ",1,1,"$64,423 ",400
Rolex,116589 MOP DI,1,"$48,500 ","$9,099 ",19%,0.33,210,"$48,500 ",0,0,$0 ,400
Rolex,116576TBR-0004,1,"$380,000 ","$46,045 ",12%,1.11,40,"$380,000 ",1,0,"$265,000 ",400
Rolex,116576TBR-0003,1,"$289,918 ","$62,469 ",22%,0.76,104,"$96,639 ",0,0,$0 ,400
Rolex,116528-0036,1,"$52,292 ","$12,192 ",23%,1.67,51,"$52,292 ",1,0,"$35,000 ",400
Rolex,116528-0031,1,"$45,769 ","$15,022 ",33%,,,"$45,769 ",0,0,$0 ,400
Rolex,116523-0043,1,"$21,000 ","$2,330 ",11%,,,"$21,000 ",1,1,"$15,636 ",400
Rolex,116523 WHT DI OYS,1,"$22,512 ","$6,876 ",31%,1.77,63,"$22,512 ",0,0,$0 ,400
Rolex,116523 MOP DI OYS,1,"$23,200 ","$6,086 ",26%,,,"$23,200 ",0,0,$0 ,400
Rolex,116523 GMOP ROM OYS,1,"$23,500 ","$7,260 ",31%,0.62,182,"$23,500 ",1,0,"$19,000 ",400
Rolex,116523 GLD BLK OYS,1,"$21,000 ","$3,997 ",19%,0.41,168,"$21,000 ",0,0,$0 ,400
Rolex,116519LN-0025,1,"$47,500 ","$7,275 ",15%,1.07,52,"$47,500 ",1,1,"$52,193 ",400
Rolex,116519 TRQ ROM DB,1,"$87,738 ","$29,641 ",34%,2.47,50,"$87,738 ",1,1,"$85,000 ",400
Rolex,116519 PNK ROM DB,1,"$67,500 ","$22,080 ",33%,,,"$67,500 ",3,2,"$156,067 ",400
Rolex,116519 PNK MOP DI DB,1,"$28,148 ","$1,994 ",7%,,,"$28,148 ",1,0,"$42,000 ",400
Rolex,116519 GROS DI DB,1,"$79,000 ","$9,000 ",11%,0.67,62,"$79,000 ",0,0,$0 ,400
Rolex,116518LN-0047,1,"$51,500 ","$9,450 ",18%,,,"$51,500 ",1,0,"$47,500 ",400
Rolex,116518830STC70           ,1,"$36,084 ","$9,373 ",26%,,,"$36,084 ",0,0,$0 ,400
Rolex,116518 BLU AR DB,1,"$43,545 ","$16,805 ",39%,,,"$43,545 ",2,0,"$58,610 ",400
Rolex,116515LN-0019,1,"$48,455 ","$11,194 ",23%,1.16,73,"$48,455 ",0,0,$0 ,400
Rolex,116515LN-0017,1,"$47,051 ","$10,976 ",23%,,,"$47,051 ",2,1,"$86,000 ",400
Rolex,116515LN-0015,1,"$39,000 ","$3,760 ",10%,,,"$39,000 ",0,0,$0 ,400
Rolex,116515LN-0014,1,"$33,500 ","$10,203 ",30%,0.97,115,"$33,500 ",1,1,"$30,800 ",400
Rolex,116509 BMOP ROM OYS,1,"$36,487 ","$7,683 ",21%,0.86,89,"$36,487 ",1,1,"$46,170 ",400
Rolex,116508-0015,1,"$150,641 ","$65,541 ",44%,,,"$150,641 ",0,0,$0 ,400
Rolex,116508-0008,1,"$55,729 ","$12,305 ",22%,0.67,120,"$55,729 ",1,1,"$58,282 ",400
Rolex,116508-0004,1,"$49,225 ","$16,125 ",33%,,,"$49,225 ",0,0,$0 ,400
Rolex,116508-0001,1,"$62,000 ","$5,000 ",8%,9.81,3,"$62,000 ",0,0,$0 ,400
Rolex,116506-0002,1,"$140,000 ","$39,800 ",28%,,,"$140,000 ",3,0,"$374,142 ",400
Rolex,116506,1,"$310,000 ","$33,658 ",11%,,,"$310,000 ",0,0,$0 ,400
Rolex,116505-0014,1,"$151,778 ","$64,292 ",42%,11.04,14,"$151,778 ",0,0,$0 ,400
Rolex,116503-0008,1,"$25,000 ","$4,769 ",19%,2.05,34,"$25,000 ",1,0,"$22,000 ",400
Rolex,116334-0006,1,"$11,000 ","$1,626 ",15%,1.8,30,"$3,667 ",7,1,"$65,518 ",400
Rolex,116334-0001,1,"$10,500 ",$978 ,9%,0.6,57,"$10,500 ",10,1,"$93,130 ",400
Rolex,116334 SLV IX OYS,1,"$10,815 ","$2,115 ",20%,,,"$10,815 ",3,0,"$28,000 ",400
Rolex,116333-0004,1,"$10,950 ",($300),-3%,-0.04,251,"$10,950 ",6,0,"$69,850 ",400
Rolex,116300A12B7221           ,1,"$10,431 ","$1,572 ",15%,0.63,87,"$10,431 ",2,0,"$17,475 ",400
Rolex,116300-0007,1,"$9,300 ","$1,304 ",14%,0.39,131,"$9,300 ",5,2,"$41,533 ",400
Rolex,116300-0006,1,"$8,000 ","$1,347 ",17%,1.18,52,"$8,000 ",5,1,"$42,799 ",400
Rolex,116264460B6320           ,1,"$8,670 ","$1,962 ",23%,,,"$8,670 ",1,0,"$6,900 ",400
Rolex,116264 WHT IX OYS,1,"$8,500 ","$2,276 ",27%,,,"$8,500 ",1,0,"$7,750 ",400
Rolex,116264 BLK IX JUB,1,"$8,760 ","$2,228 ",25%,0.73,127,"$8,760 ",1,0,"$7,600 ",400
Rolex,116244-0028,1,"$11,500 ","$1,397 ",12%,0.29,155,"$11,500 ",0,0,$0 ,400
Rolex,116244-0011,1,"$15,000 ","$3,749 ",25%,1.55,59,"$15,000 ",1,0,"$13,000 ",400
Rolex,116244 BLU JUB ROM JUB,1,"$11,500 ","$1,706 ",15%,0.27,203,"$11,500 ",0,0,$0 ,400
Rolex,116243-0036,1,"$14,400 ","$2,220 ",15%,,,"$14,400 ",0,0,$0 ,400
Rolex,116243-0016,1,"$15,298 ","$1,031 ",7%,,,"$15,298 ",3,0,"$38,250 ",400
Rolex,116243-0015,1,"$13,883 ","$2,043 ",15%,2.34,23,"$13,883 ",0,0,$0 ,400
Rolex,116238-0075,1,"$26,500 ","$3,959 ",15%,,,"$26,500 ",0,0,$0 ,400
Rolex,116238-0061,1,"$27,000 ","$5,846 ",22%,,,"$27,000 ",1,0,"$20,000 ",400
Rolex,116238-0059,1,"$25,000 ","$5,000 ",20%,,,"$25,000 ",0,0,$0 ,400
Rolex,116234-0153,1,"$8,500 ","$1,792 ",21%,0.79,98,"$8,500 ",0,0,$0 ,400
Rolex,116234-0144,1,"$8,450 ","$1,591 ",19%,,,"$8,450 ",0,0,$0 ,400
Rolex,116234-0134,1,"$8,370 ","$2,462 ",29%,1.47,73,"$2,790 ",0,0,$0 ,400
Rolex,116234-0130,1,"$10,000 ","$2,620 ",26%,,,"$10,000 ",0,0,$0 ,400
Rolex,116234-0128,1,"$9,950 ","$2,333 ",23%,0.81,106,"$3,317 ",1,0,"$8,000 ",400
Rolex,116234-0120,1,"$8,500 ",$800 ,9%,0.51,67,"$8,500 ",0,0,$0 ,400
Rolex,116234-0108,1,"$8,150 ","$1,899 ",23%,1.15,74,"$8,150 ",1,0,"$7,100 ",400
Rolex,116234-0088,1,"$8,107 ","$2,700 ",33%,3.47,35,"$8,107 ",3,0,"$21,850 ",400
Rolex,116234-0085,1,"$8,750 ","$2,537 ",29%,3.11,34,"$8,750 ",13,0,"$88,850 ",400
Rolex,116234-0084,1,"$9,500 ","$1,837 ",19%,,,"$9,500 ",1,0,"$8,800 ",400
Rolex,116234-0083,1,"$9,772 ","$1,994 ",20%,1.06,70,"$9,772 ",5,0,"$42,200 ",400
Rolex,116234-0079,1,"$8,500 ","$3,048 ",36%,1.6,82,"$8,500 ",2,0,"$15,600 ",400
Rolex,116234 STL CON JUB,1,"$7,500 ","$1,120 ",15%,,,"$7,500 ",0,0,$0 ,400
Rolex,116234 BLU JUB ROM JUB,1,"$7,250 ",$950 ,13%,,,"$7,250 ",1,0,"$7,600 ",400
Rolex,116234 BLK SUN ROM JUB,1,"$8,755 ","$1,000 ",11%,,,"$8,755 ",0,0,$0 ,400
Rolex,116234 BLK JUB ROM OYS,1,"$7,500 ",$907 ,12%,0.31,144,"$7,500 ",2,0,"$14,000 ",400
Rolex,116233-0208,1,"$8,900 ",$674 ,8%,0.12,239,"$8,900 ",5,0,"$48,200 ",400
Rolex,116233-0205,1,"$8,306 ",$556 ,7%,0.13,182,"$8,306 ",1,0,"$8,500 ",400
Rolex,116233-0203,1,"$9,500 ","$1,100 ",12%,1.63,26,"$9,500 ",2,0,"$17,850 ",400
Rolex,116233-0200,1,"$8,900 ","$1,848 ",21%,0.57,133,"$8,900 ",2,0,"$15,700 ",400
Rolex,116233-0198,1,"$9,537 ","$1,716 ",18%,,,"$9,537 ",0,0,$0 ,400
Rolex,116233-0193,1,"$10,380 ","$1,315 ",13%,,,"$10,380 ",0,0,$0 ,400
Rolex,116233-0183,1,"$9,835 ","$1,635 ",17%,,,"$9,835 ",0,0,$0 ,400
Rolex,116233-0176,1,"$9,888 ","$1,283 ",13%,0.29,163,"$9,888 ",1,0,"$8,400 ",400
Rolex,116233-0172,1,"$7,700 ",$200 ,3%,0.16,59,"$7,700 ",1,0,"$6,500 ",400
Rolex,116233-0158,1,"$9,450 ","$1,424 ",15%,0.19,287,"$9,450 ",6,1,"$52,600 ",400
Rolex,116233-0154,1,"$9,488 ","$2,303 ",24%,,,"$9,488 ",4,0,"$35,800 ",400
Rolex,116233-0150,1,"$10,510 ","$1,410 ",13%,,,"$10,510 ",8,0,"$68,650 ",400
Rolex,116233-0149,1,"$9,500 ","$1,113 ",12%,0.62,69,"$9,500 ",8,0,"$65,600 ",400
Rolex,116233 WHT AR OYS,1,"$9,400 ","$1,400 ",15%,0.23,240,"$9,400 ",0,0,$0 ,400
Rolex,116233 STL ARB JUB,1,"$9,250 ",$963 ,10%,0.24,160,"$9,250 ",0,0,$0 ,400
Rolex,116233 IVRY JUB AR JUB,1,"$7,600 ",$350 ,5%,0.16,104,"$7,600 ",1,0,"$8,450 ",400
Rolex,116233 CHP ROM JUB,1,"$8,300 ",$766 ,9%,0.17,196,"$8,300 ",1,0,"$8,250 ",400
Rolex,116233 CHP DI NO IX JUB,1,"$9,350 ","$1,393 ",15%,0.36,153,"$3,117 ",14,0,"$123,450 ",400
Rolex,116233 BLU GRAD JUB,1,"$9,950 ","$1,315 ",13%,,,"$9,950 ",0,0,$0 ,400
Rolex,116231-0099,1,"$9,705 ","$1,629 ",17%,0.94,65,"$9,705 ",3,0,"$28,400 ",400
Rolex,116231-0090,1,"$12,000 ","$2,411 ",20%,,,"$12,000 ",1,0,"$9,500 ",400
Rolex,116231-0084,1,"$11,750 ","$2,739 ",23%,0.64,133,"$11,750 ",4,0,"$30,150 ",400
Rolex,116231-0083,1,"$9,300 ",$844 ,9%,0.16,204,"$9,300 ",5,1,"$44,330 ",400
Rolex,116231-0058,1,"$10,450 ","$1,350 ",13%,0.77,61,"$10,450 ",5,0,"$48,632 ",400
Rolex,116231-0057,1,"$12,876 ","$2,017 ",16%,,,"$12,876 ",0,0,$0 ,400
Rolex,116231 WHT IX JUB,1,"$10,950 ","$3,457 ",32%,1.86,62,"$10,950 ",2,1,"$18,400 ",400
Rolex,116231,1,"$12,695 ","$3,144 ",25%,,,"$12,695 ",3,1,"$27,407 ",400
Rolex,116203-0135,1,"$9,750 ","$2,441 ",25%,0.77,119,"$9,750 ",1,1,"$7,500 ",400
Rolex,116201184B7220           ,1,"$11,950 ","$2,791 ",23%,,,"$11,950 ",0,0,$0 ,400
Rolex,116201-0097,1,"$9,500 ","$1,871 ",20%,1.33,54,"$9,500 ",0,0,$0 ,400
Rolex,116201-0092,1,"$10,000 ","$1,600 ",16%,0.36,164,"$10,000 ",2,0,"$17,500 ",400
Rolex,116201-0064,1,"$12,450 ","$4,821 ",39%,,,"$12,450 ",0,0,$0 ,400
Rolex,116200A69B7220           ,1,"$8,510 ","$2,007 ",24%,,,"$8,510 ",0,0,$0 ,400
Rolex,116200A44B6360           ,1,"$8,100 ","$1,340 ",17%,,,"$8,100 ",0,0,$0 ,400
Rolex,116200A10B6360           ,1,"$8,226 ",$847 ,10%,,,"$8,226 ",3,2,"$20,200 ",400
Rolex,116200-0100,1,"$8,200 ","$2,100 ",26%,0.69,136,"$8,200 ",2,1,"$14,739 ",400
Rolex,116200-0099,1,"$8,300 ","$2,474 ",30%,,,"$8,300 ",4,0,"$26,900 ",400
Rolex,116200-0071,1,"$7,000 ",($194),-3%,,,"$7,000 ",1,1,"$5,500 ",400
Rolex,116200-0070,1,"$8,100 ","$1,400 ",17%,0.69,91,"$8,100 ",5,0,"$35,200 ",400
Rolex,116200-0061,1,"$7,250 ","$1,205 ",17%,0.52,117,"$7,250 ",13,0,"$79,150 ",400
Rolex,116200 TUX IX OYS,1,"$6,800 ","$1,450 ",21%,1.53,51,"$6,800 ",3,2,"$16,796 ",400
Rolex,116200 PNK ROM OYS,1,"$6,350 ",$924 ,15%,0.22,245,"$6,350 ",1,0,"$6,200 ",400
Rolex,116200 BLK SUN ROM OYS,1,"$6,500 ","$1,295 ",20%,0.5,145,"$6,500 ",0,0,$0 ,400
Rolex,116200 BLK JUB ROM OYS,1,"$7,500 ",($989),-13%,-0.2,240,"$7,500 ",2,0,"$11,767 ",400
Rolex,116200 BLK ARB OYS,1,"$7,850 ","$1,796 ",23%,,,"$7,850 ",4,0,"$22,976 ",400
Rolex,116199SANR,1,"$39,704 ","$11,532 ",29%,,,"$39,704 ",1,1,"$35,000 ",400
Rolex,116189 PAV AR DB,1,"$36,950 ","$11,784 ",32%,,,"$36,950 ",0,0,$0 ,400
Rolex,116139 BLK TUX DB,1,"$14,000 ","$3,905 ",28%,0.48,213,"$4,667 ",1,1,"$13,519 ",400
Rolex,116138,1,"$18,051 ","$4,571 ",25%,0.97,95,"$6,017 ",3,0,"$41,014 ",400
Rolex,116000A39B7020           ,1,"$8,450 ","$2,950 ",35%,0.88,144,"$8,450 ",1,0,"$5,500 ",400
Rolex,116000A17B7020           ,1,"$6,992 ","$2,001 ",29%,,,"$6,992 ",1,1,"$5,400 ",400
Rolex,116000-0012,1,"$8,500 ","$1,837 ",22%,0.99,80,"$8,500 ",1,0,"$5,574 ",400
Rolex,116000-0009,1,"$11,950 ","$4,375 ",37%,,,"$11,950 ",6,1,"$33,300 ",400
Rolex,116000 BLU SLV OYS,1,"$6,499 ","$1,205 ",19%,0.85,80,"$6,499 ",0,0,$0 ,400
Rolex,115210A30B7219           ,1,"$6,500 ",$967 ,15%,,,"$6,500 ",0,0,$0 ,400
Rolex,115210A10B7219           ,1,"$6,700 ","$1,700 ",25%,,,"$6,700 ",2,1,"$10,400 ",400
Rolex,114234 SLV/ORG CON OYS,1,"$6,021 ","$1,421 ",24%,1.05,82,"$6,021 ",0,0,$0 ,400
Rolex,114234 BLU IX AR OYS,1,"$6,750 ","$2,519 ",37%,0.9,152,"$2,250 ",0,0,$0 ,400
Rolex,114234,1,"$6,600 ",$896 ,14%,,,"$6,600 ",0,0,$0 ,400
Rolex,114200-0022,1,"$6,500 ","$1,514 ",23%,,,"$6,500 ",0,0,$0 ,400
Rolex,114200-0019,1,"$5,069 ","$1,290 ",25%,1.93,48,"$5,069 ",1,0,"$4,500 ",400
Rolex,114200 WHT ROM OYS,1,"$5,232 ","$2,322 ",44%,0.74,219,"$5,232 ",2,1,"$9,150 ",400
Rolex,114200,1,"$6,600 ","$1,328 ",20%,0.89,83,"$6,600 ",1,0,"$4,800 ",400
Rolex,1060,1,"$1,755 ",$255 ,15%,,,"$1,755 ",0,0,$0 ,400
Rolex,1005 CHP IX OYS,1,"$4,950 ","$2,332 ",47%,2.1,82,"$4,950 ",0,0,$0 ,400
Rolex,,0,$0 ,$0 ,,,,$0 ,0,0,$0 ,"1,036"
Rolex,79173 BLU GRAD DI JUB,0,$0 ,$0 ,,,94,$0 ,1,0,"$4,353 ","1,036"
Rolex,79160A18B7824            ,0,$0 ,$0 ,,,103,$0 ,1,0,"$2,311 ","1,036"
Rolex,69298 MOP DI PRL,0,"$3,000 ","$2,900 ",97%,1.15,306,"$1,500 ",2,0,"$44,500 ","1,036"
Rolex,67480,0,$0 ,$0 ,,,92,$0 ,4,1,"$16,376 ","1,036"
Rolex,6466,0,$0 ,$0 ,,,130,$0 ,1,1,"$2,196 ","1,036"
Rolex,6422 CHP IX,0,$0 ,$0 ,,,98,$0 ,1,1,"$3,530 ","1,036"
Rolex,54425037STC30            ,0,$0 ,$0 ,,,218,$0 ,1,0,"$5,923 ","1,036"
Rolex,21823993AB8321           ,0,$0 ,$0 ,,,112,$0 ,2,1,"$67,473 ","1,036"
Rolex,18239B                   ,0,$0 ,$0 ,,,776,$0 ,4,0,"$64,955 ","1,036"
Rolex,16800,0,$0 ,$0 ,,,181,$0 ,7,3,"$59,631 ","1,036"
Rolex,16758 CHP SERT JUB,0,"$4,000 ","$3,925 ",98%,1.11,324,"$2,000 ",0,0,$0 ,"1,036"
Rolex,1675 BLK PEP JUB,0,($500),($500),100%,1.09,336,($250),2,1,"$24,500 ","1,036"
Rolex,16200 SLV IX OYS,0,$0 ,$0 ,,,62,$0 ,3,2,"$15,836 ","1,036"
Rolex,116231-0085,0,$0 ,$0 ,,,14,$0 ,7,0,"$57,600 ","1,036"
Rolex,116208 BLK JUB ROM JUB,0,"($1,500)","($1,500)",100%,3.17,115,($250),1,0,"$23,000 ","1,036"
Rolex,1011/8                   ,0,$0 ,$0 ,,,70,$0 ,1,1,"$4,280 ","1,036"
Grand Total,Total,"2,969","$59,358,306 ","$11,998,027 ",20%,0.64,115,"$10,655 ","2,938",628,"$38,973,137 ",1